date,group,cluster,reconstructed,observed
1984-01-01,1,35,9.13E-02,NA
1984-02-01,1,35,2.51E-01,NA
1984-03-01,1,35,2.24E-01,NA
1984-04-01,1,35,1.11E-01,NA
1984-05-01,1,35,-9.15E-02,NA
1984-06-01,1,35,-3.26E-01,NA
1984-07-01,1,35,-5.31E-01,NA
1984-08-01,1,35,-6.63E-01,NA
1984-09-01,1,35,-6.64E-01,NA
1984-10-01,1,35,-5.18E-01,NA
1984-11-01,1,35,-3.13E-01,NA
1984-12-01,1,35,-1.11E-01,NA
1985-01-01,1,35,5.30E-02,NA
1985-02-01,1,35,1.48E-01,NA
1985-03-01,1,35,1.52E-01,NA
1985-04-01,1,35,5.67E-02,NA
1985-05-01,1,35,-1.28E-01,NA
1985-06-01,1,35,-3.60E-01,NA
1985-07-01,1,35,-5.78E-01,NA
1985-08-01,1,35,-7.13E-01,-0.47197485
1985-09-01,1,35,-7.23E-01,-0.47197485
1985-10-01,1,35,-6.02E-01,-0.47197485
1985-11-01,1,35,-3.87E-01,-0.47197485
1985-12-01,1,35,-1.35E-01,NA
1986-01-01,1,35,9.11E-02,NA
1986-02-01,1,35,2.44E-01,NA
1986-03-01,1,35,2.94E-01,-0.47197485
1986-04-01,1,35,2.28E-01,-0.47197485
1986-05-01,1,35,5.40E-02,-0.47197485
1986-06-01,1,35,-1.91E-01,-0.47197485
1986-07-01,1,35,-4.47E-01,-0.47197485
1986-08-01,1,35,-6.31E-01,-0.47197485
1986-09-01,1,35,-6.71E-01,-0.47197485
1986-10-01,1,35,-5.40E-01,-0.47197485
1986-11-01,1,35,-2.74E-01,-0.07705265
1986-12-01,1,35,4.14E-02,NA
1987-01-01,1,35,3.17E-01,NA
1987-02-01,1,35,4.91E-01,NA
1987-03-01,1,35,5.33E-01,2.8425508
1987-04-01,1,35,4.32E-01,-0.47197485
1987-05-01,1,35,2.03E-01,-0.47197485
1987-06-01,1,35,-1.14E-01,-0.47197485
1987-07-01,1,35,-4.45E-01,-0.47197485
1987-08-01,1,35,-6.80E-01,NA
1987-09-01,1,35,-7.08E-01,-0.47197485
1987-10-01,1,35,-5.04E-01,-0.47197485
1987-11-01,1,35,-1.54E-01,NA
1987-12-01,1,35,2.20E-01,NA
1988-01-01,1,35,5.33E-01,NA
1988-02-01,1,35,7.28E-01,-0.44376612
1988-03-01,1,35,7.68E-01,-0.47197485
1988-04-01,1,35,6.46E-01,-0.47197485
1988-05-01,1,35,3.86E-01,-0.47197485
1988-06-01,1,35,3.19E-02,-0.47197485
1988-07-01,1,35,-3.40E-01,-0.47197485
1988-08-01,1,35,-6.07E-01,-0.47197485
1988-09-01,1,35,-6.47E-01,NA
1988-10-01,1,35,-4.36E-01,-0.47197485
1988-11-01,1,35,-5.97E-02,-0.47197485
1988-12-01,1,35,3.57E-01,NA
1989-01-01,1,35,7.11E-01,NA
1989-02-01,1,35,9.34E-01,NA
1989-03-01,1,35,9.87E-01,3.3785164
1989-04-01,1,35,8.67E-01,3.2515774
1989-05-01,1,35,6.01E-01,-0.47197485
1989-06-01,1,35,2.34E-01,NA
1989-07-01,1,35,-1.58E-01,NA
1989-08-01,1,35,-4.48E-01,NA
1989-09-01,1,35,-5.04E-01,-0.47197485
1989-10-01,1,35,-2.99E-01,-0.47197485
1989-11-01,1,35,8.39E-02,-0.45787048
1989-12-01,1,35,5.09E-01,NA
1990-01-01,1,35,8.65E-01,NA
1990-02-01,1,35,1.09E+00,NA
1990-03-01,1,35,1.13E+00,NA
1990-04-01,1,35,1.00E+00,NA
1990-05-01,1,35,7.22E-01,NA
1990-06-01,1,35,3.38E-01,1.8270365
1990-07-01,1,35,-7.24E-02,-0.47197485
1990-08-01,1,35,-3.74E-01,-0.47197485
1990-09-01,1,35,-4.34E-01,-0.47197485
1990-10-01,1,35,-2.30E-01,-0.47197485
1990-11-01,1,35,1.51E-01,-0.47197485
1990-12-01,1,35,5.67E-01,NA
1991-01-01,1,35,9.11E-01,NA
1991-02-01,1,35,1.12E+00,-0.35913995
1991-03-01,1,35,1.16E+00,NA
1991-04-01,1,35,1.01E+00,3.2515774
1991-05-01,1,35,7.03E-01,3.3785164
1991-06-01,1,35,2.88E-01,3.3785164
1991-07-01,1,35,-1.54E-01,-0.47197485
1991-08-01,1,35,-4.74E-01,-0.47197485
1991-09-01,1,35,-5.32E-01,-0.47197485
1991-10-01,1,35,-3.12E-01,-0.47197485
1991-11-01,1,35,8.85E-02,-0.47197485
1991-12-01,1,35,5.19E-01,NA
1992-01-01,1,35,8.70E-01,NA
1992-02-01,1,35,1.08E+00,NA
1992-03-01,1,35,1.11E+00,-0.47197485
1992-04-01,1,35,9.45E-01,-0.47197485
1992-05-01,1,35,6.11E-01,-0.47197485
1992-06-01,1,35,1.54E-01,NA
1992-07-01,1,35,-3.27E-01,-0.47197485
1992-08-01,1,35,-6.58E-01,-0.47197485
1992-09-01,1,35,-6.87E-01,-0.47197485
1992-10-01,1,35,-4.10E-01,-0.47197485
1992-11-01,1,35,4.12E-02,-0.47197485
1992-12-01,1,35,5.03E-01,NA
1993-01-01,1,35,8.68E-01,NA
1993-02-01,1,35,1.08E+00,NA
1993-03-01,1,35,1.12E+00,0.38839138
1993-04-01,1,35,9.61E-01,3.2515774
1993-05-01,1,35,6.35E-01,3.2233686
1993-06-01,1,35,1.90E-01,0.4166001
1993-07-01,1,35,-2.76E-01,NA
1993-08-01,1,35,-5.96E-01,-0.47197485
1993-09-01,1,35,-6.29E-01,-0.47197485
1993-10-01,1,35,-3.68E-01,-0.47197485
1993-11-01,1,35,5.87E-02,NA
1993-12-01,1,35,4.96E-01,NA
1994-01-01,1,35,8.42E-01,NA
1994-02-01,1,35,1.05E+00,NA
1994-03-01,1,35,1.08E+00,NA
1994-04-01,1,35,9.33E-01,NA
1994-05-01,1,35,6.16E-01,NA
1994-06-01,1,35,1.75E-01,-0.14757447
1994-07-01,1,35,-2.95E-01,-0.47197485
1994-08-01,1,35,-6.29E-01,NA
1994-09-01,1,35,-6.75E-01,NA
1994-10-01,1,35,-4.25E-01,NA
1994-11-01,1,35,-4.16E-03,NA
1994-12-01,1,35,4.35E-01,NA
1995-01-01,1,35,7.90E-01,NA
1995-02-01,1,35,1.01E+00,NA
1995-03-01,1,35,1.06E+00,1.0795052
1995-04-01,1,35,9.46E-01,-0.06294828
1995-05-01,1,35,6.70E-01,0.8679398
1995-06-01,1,35,2.66E-01,3.364412
1995-07-01,1,35,-1.87E-01,-0.47197485
1995-08-01,1,35,-5.27E-01,-0.47197485
1995-09-01,1,35,-5.96E-01,-0.47197485
1995-10-01,1,35,-3.64E-01,-0.47197485
1995-11-01,1,35,5.58E-02,-0.45787048
1995-12-01,1,35,5.08E-01,NA
1996-01-01,1,35,8.77E-01,NA
1996-02-01,1,35,1.10E+00,NA
1996-03-01,1,35,1.16E+00,NA
1996-04-01,1,35,1.04E+00,0.38839138
1996-05-01,1,35,7.71E-01,NA
1996-06-01,1,35,3.75E-01,0.8961485
1996-07-01,1,35,-6.72E-02,-0.47197485
1996-08-01,1,35,-3.98E-01,-0.47197485
1996-09-01,1,35,-4.57E-01,-0.47197485
1996-10-01,1,35,-2.22E-01,-0.47197485
1996-11-01,1,35,1.87E-01,-0.45787048
1996-12-01,1,35,6.17E-01,NA
1997-01-01,1,35,9.60E-01,NA
1997-02-01,1,35,1.16E+00,NA
1997-03-01,1,35,1.19E+00,3.3785164
1997-04-01,1,35,1.06E+00,3.3785164
1997-05-01,1,35,7.74E-01,0.8256267
1997-06-01,1,35,3.73E-01,-0.42966175
1997-07-01,1,35,-6.12E-02,-0.47197485
1997-08-01,1,35,-3.74E-01,-0.47197485
1997-09-01,1,35,-4.27E-01,-0.47197485
1997-10-01,1,35,-2.11E-01,NA
1997-11-01,1,35,1.57E-01,NA
1997-12-01,1,35,5.39E-01,NA
1998-01-01,1,35,8.42E-01,NA
1998-02-01,1,35,1.01E+00,NA
1998-03-01,1,35,1.03E+00,NA
1998-04-01,1,35,8.79E-01,0.38839138
1998-05-01,1,35,5.81E-01,NA
1998-06-01,1,35,1.72E-01,-0.41555738
1998-07-01,1,35,-2.54E-01,-0.47197485
1998-08-01,1,35,-5.46E-01,-0.47197485
1998-09-01,1,35,-5.86E-01,-0.47197485
1998-10-01,1,35,-3.81E-01,-0.47197485
1998-11-01,1,35,-4.13E-02,-0.47197485
1998-12-01,1,35,3.08E-01,NA
1999-01-01,1,35,5.83E-01,NA
1999-02-01,1,35,7.37E-01,3.3503077
1999-03-01,1,35,7.41E-01,1.1218183
1999-04-01,1,35,5.87E-01,-0.28861812
1999-05-01,1,35,2.88E-01,-0.28861812
1999-06-01,1,35,-1.12E-01,-0.47197485
1999-07-01,1,35,-5.13E-01,-0.47197485
1999-08-01,1,35,-7.75E-01,-0.47197485
1999-09-01,1,35,-8.00E-01,-0.47197485
1999-10-01,1,35,-5.96E-01,-0.47197485
1999-11-01,1,35,-2.68E-01,-0.47197485
1999-12-01,1,35,6.79E-02,NA
2000-01-01,1,35,3.33E-01,NA
2000-02-01,1,35,4.83E-01,-0.47197485
2000-03-01,1,35,4.92E-01,NA
2000-04-01,1,35,3.49E-01,0.10630409
2000-05-01,1,35,6.83E-02,NA
2000-06-01,1,35,-3.01E-01,-0.47197485
2000-07-01,1,35,-6.60E-01,-0.47197485
2000-08-01,1,35,-8.80E-01,-0.47197485
2000-09-01,1,35,-8.76E-01,-0.47197485
2000-10-01,1,35,-6.57E-01,-0.47197485
2000-11-01,1,35,-3.20E-01,-0.45787048
2000-12-01,1,35,2.40E-02,NA
2001-01-01,1,35,3.01E-01,NA
2001-02-01,1,35,4.68E-01,0.8679398
2001-03-01,1,35,4.98E-01,0.8256267
2001-04-01,1,35,3.82E-01,-0.45787048
2001-05-01,1,35,1.36E-01,-0.47197485
2001-06-01,1,35,-1.93E-01,-0.47197485
2001-07-01,1,35,-5.10E-01,-0.47197485
2001-08-01,1,35,-6.97E-01,-0.47197485
2001-09-01,1,35,-6.73E-01,-0.47197485
2001-10-01,1,35,-4.50E-01,-0.47197485
2001-11-01,1,35,-1.17E-01,-0.47197485
2001-12-01,1,35,2.24E-01,NA
2002-01-01,1,35,5.00E-01,NA
2002-02-01,1,35,6.69E-01,3.1528468
2002-03-01,1,35,7.01E-01,0.38839138
2002-04-01,1,35,5.87E-01,NA
2002-05-01,1,35,3.43E-01,0.36018264
2002-06-01,1,35,1.72E-02,-0.44376612
2002-07-01,1,35,-3.00E-01,-0.47197485
2002-08-01,1,35,-4.94E-01,-0.47197485
2002-09-01,1,35,-4.84E-01,-0.44376612
2002-10-01,1,35,-2.80E-01,-0.45787048
2002-11-01,1,35,3.09E-02,-0.30272248
2002-12-01,1,35,3.52E-01,NA
2003-01-01,1,35,6.14E-01,NA
2003-02-01,1,35,7.71E-01,NA
2003-03-01,1,35,7.93E-01,0.10630409
2003-04-01,1,35,6.69E-01,0.374287
2003-05-01,1,35,4.15E-01,0.71279174
2003-06-01,1,35,7.96E-02,0.7268961
2003-07-01,1,35,-2.46E-01,-0.41555738
2003-08-01,1,35,-4.47E-01,-0.47197485
2003-09-01,1,35,-4.50E-01,-0.47197485
2003-10-01,1,35,-2.66E-01,-0.47197485
2003-11-01,1,35,2.19E-02,-0.47197485
2003-12-01,1,35,3.22E-01,NA
2004-01-01,1,35,5.66E-01,NA
2004-02-01,1,35,7.11E-01,1.5167406
2004-03-01,1,35,7.25E-01,1.150027
2004-04-01,1,35,5.94E-01,-0.44376612
2004-05-01,1,35,3.34E-01,-0.47197485
2004-06-01,1,35,-6.87E-03,-0.47197485
2004-07-01,1,35,-3.34E-01,-0.47197485
2004-08-01,1,35,-5.37E-01,-0.47197485
2004-09-01,1,35,-5.50E-01,-0.47197485
2004-10-01,1,35,-3.87E-01,-0.47197485
2004-11-01,1,35,-1.22E-01,-0.45787048
2004-12-01,1,35,1.56E-01,NA
2005-01-01,1,35,3.85E-01,NA
2005-02-01,1,35,5.19E-01,2.927177
2005-03-01,1,35,5.26E-01,-0.21809629
2005-04-01,1,35,3.91E-01,0.7833136
2005-05-01,1,35,1.28E-01,-0.47197485
2005-06-01,1,35,-2.10E-01,-0.47197485
2005-07-01,1,35,-5.31E-01,-0.47197485
2005-08-01,1,35,-7.29E-01,-0.47197485
2005-09-01,1,35,-7.47E-01,-0.47197485
2005-10-01,1,35,-5.96E-01,-0.47197485
2005-11-01,1,35,-3.44E-01,-0.47197485
2005-12-01,1,35,-7.38E-02,NA
2006-01-01,1,35,1.52E-01,NA
2006-02-01,1,35,2.88E-01,1.150027
2006-03-01,1,35,3.02E-01,0.684583
2006-04-01,1,35,1.79E-01,-0.45787048
2006-05-01,1,35,-6.84E-02,-0.47197485
2006-06-01,1,35,-3.87E-01,-0.47197485
2006-07-01,1,35,-6.84E-01,-0.47197485
2006-08-01,1,35,-8.61E-01,-0.47197485
2006-09-01,1,35,-8.62E-01,-0.47197485
2006-10-01,1,35,-6.97E-01,-0.47197485
2006-11-01,1,35,-4.29E-01,-0.45787048
2006-12-01,1,35,-1.39E-01,NA
2007-01-01,1,35,1.11E-01,NA
2007-02-01,1,35,2.76E-01,0.00757354
2007-03-01,1,35,3.21E-01,-0.21809629
2007-04-01,1,35,2.29E-01,-0.47197485
2007-05-01,1,35,1.35E-02,-0.47197485
2007-06-01,1,35,-2.74E-01,-0.47197485
2007-07-01,1,35,-5.43E-01,-0.47197485
2007-08-01,1,35,-6.91E-01,-0.47197485
2007-09-01,1,35,-6.64E-01,-0.47197485
2007-10-01,1,35,-4.70E-01,-0.47197485
2007-11-01,1,35,-1.78E-01,-0.47197485
2007-12-01,1,35,1.34E-01,NA
2008-01-01,1,35,4.04E-01,NA
2008-02-01,1,35,5.86E-01,-0.44376612
2008-03-01,1,35,6.43E-01,0.52943504
2008-04-01,1,35,5.59E-01,3.1669512
2008-05-01,1,35,3.46E-01,2.616881
2008-06-01,1,35,5.38E-02,0.7268961
2008-07-01,1,35,-2.24E-01,-0.47197485
2008-08-01,1,35,-3.80E-01,-0.47197485
2008-09-01,1,35,-3.55E-01,-0.47197485
2008-10-01,1,35,-1.62E-01,NA
2008-11-01,1,35,1.25E-01,-0.47197485
2008-12-01,1,35,4.29E-01,NA
2009-01-01,1,35,6.90E-01,NA
2009-02-01,1,35,8.61E-01,-0.30272248
2009-03-01,1,35,9.04E-01,-0.30272248
2009-04-01,1,35,8.02E-01,-0.34503558
2009-05-01,1,35,5.66E-01,1.883454
2009-06-01,1,35,2.47E-01,1.883454
2009-07-01,1,35,-6.18E-02,-0.47197485
2009-08-01,1,35,-2.47E-01,-0.47197485
2009-09-01,1,35,-2.46E-01,-0.47197485
2009-10-01,1,35,-7.51E-02,0.17682591
2009-11-01,1,35,1.90E-01,0.8256267
2009-12-01,1,35,4.70E-01,NA
2010-01-01,1,35,7.09E-01,NA
2010-02-01,1,35,8.64E-01,3.322099
2010-03-01,1,35,8.99E-01,1.5167406
2010-04-01,1,35,7.94E-01,0.7833136
2010-05-01,1,35,5.59E-01,-0.35913995
2010-06-01,1,35,2.42E-01,-0.38734865
2010-07-01,1,35,-6.84E-02,-0.47197485
2010-08-01,1,35,-2.66E-01,-0.47197485
2010-09-01,1,35,-2.87E-01,-0.47197485
2010-10-01,1,35,-1.45E-01,-0.47197485
2010-11-01,1,35,9.35E-02,-0.45787048
2010-12-01,1,35,3.46E-01,NA
2011-01-01,1,35,5.58E-01,NA
2011-02-01,1,35,6.92E-01,0.10630409
2011-03-01,1,35,7.18E-01,1.0230877
2011-04-01,1,35,6.21E-01,-0.27451375
2011-05-01,1,35,4.06E-01,2.0527062
2011-06-01,1,35,1.13E-01,0.75510484
2011-07-01,1,35,-1.83E-01,-0.47197485
2011-08-01,1,35,-3.89E-01,-0.47197485
2011-09-01,1,35,-4.46E-01,-0.47197485
2011-10-01,1,35,-3.56E-01,-0.47197485
2011-11-01,1,35,-1.80E-01,-0.45787048
2011-12-01,1,35,7.94E-03,NA
2012-01-01,1,35,1.48E-01,NA
2012-02-01,1,35,2.02E-01,NA
2012-03-01,1,35,1.53E-01,NA
2012-04-01,1,35,-2.17E-04,NA
2012-05-01,1,35,-2.34E-01,-0.47197485
2012-06-01,1,35,-4.99E-01,-0.47197485
2012-07-01,1,35,-7.25E-01,-0.47197485
2012-08-01,1,35,-8.39E-01,-0.47197485
2012-09-01,1,35,-8.08E-01,-0.47197485
2012-10-01,1,35,-6.44E-01,-0.47197485
2012-11-01,1,35,-4.03E-01,-0.44376612
2012-12-01,1,35,-1.47E-01,NA
2013-01-01,1,35,6.75E-02,NA
2013-02-01,1,35,2.03E-01,1.3333838
2013-03-01,1,35,2.37E-01,0.07809536
2013-04-01,1,35,1.67E-01,-0.34503558
2013-05-01,1,35,8.28E-03,-0.44376612
2013-06-01,1,35,-2.03E-01,-0.45787048
2013-07-01,1,35,-4.08E-01,-0.47197485
2013-08-01,1,35,-5.43E-01,-0.47197485
2013-09-01,1,35,-5.68E-01,-0.47197485
2013-10-01,1,35,-4.82E-01,-0.45787048
2013-11-01,1,35,-3.20E-01,-0.45787048
2013-12-01,1,35,-1.32E-01,NA
2014-01-01,1,35,3.58E-02,NA
2014-02-01,1,35,1.44E-01,-0.1334701
2014-03-01,1,35,1.70E-01,-0.47197485
2014-04-01,1,35,1.06E-01,1.7424104
2014-05-01,1,35,-3.48E-02,-0.47197485
2014-06-01,1,35,-2.20E-01,-0.45787048
2014-07-01,1,35,-3.93E-01,-0.47197485
2014-08-01,1,35,-4.99E-01,-0.47197485
2014-09-01,1,35,-5.03E-01,-0.45787048
2014-10-01,1,35,-4.10E-01,-0.45787048
2014-11-01,1,35,-2.56E-01,-0.30272248
2014-12-01,1,35,-8.43E-02,NA
2015-01-01,1,35,6.34E-02,NA
2015-02-01,1,35,1.56E-01,0.10630409
2015-03-01,1,35,1.76E-01,NA
2015-04-01,1,35,1.18E-01,0.57174814
2015-05-01,1,35,-4.76E-03,-0.16167884
2015-06-01,1,35,-1.63E-01,-0.47197485
2015-07-01,1,35,-3.14E-01,-0.47197485
2015-08-01,1,35,-4.12E-01,-0.3732443
2015-09-01,1,35,-4.35E-01,-0.47197485
2015-10-01,1,35,-3.86E-01,-0.47197485
2015-11-01,1,35,-2.93E-01,NA
2015-12-01,1,35,-1.89E-01,NA
1984-01-01,7,47,6.70E-01,NA
1984-02-01,7,47,1.05E+00,NA
1984-03-01,7,47,1.09E+00,NA
1984-04-01,7,47,8.59E-01,NA
1984-05-01,7,47,4.95E-01,0.40578374
1984-06-01,7,47,1.39E-01,0.15966795
1984-07-01,7,47,-9.48E-02,0.15966795
1984-08-01,7,47,-8.07E-02,NA
1984-09-01,7,47,1.79E-01,0.15966795
1984-10-01,7,47,5.86E-01,0.40578374
1984-11-01,7,47,1.05E+00,NA
1984-12-01,7,47,1.45E+00,NA
1985-01-01,7,47,1.70E+00,NA
1985-02-01,7,47,1.71E+00,NA
1985-03-01,7,47,1.49E+00,NA
1985-04-01,7,47,1.10E+00,NA
1985-05-01,7,47,6.47E-01,NA
1985-06-01,7,47,2.23E-01,0.10692886
1985-07-01,7,47,-2.12E-02,0.40578374
1985-08-01,7,47,2.98E-02,0.40578374
1985-09-01,7,47,3.64E-01,0.40578374
1985-10-01,7,47,8.59E-01,1.267189
1985-11-01,7,47,1.36E+00,NA
1985-12-01,7,47,1.74E+00,NA
1986-01-01,7,47,1.92E+00,NA
1986-02-01,7,47,1.84E+00,NA
1986-03-01,7,47,1.54E+00,NA
1986-04-01,7,47,1.11E+00,1.267189
1986-05-01,7,47,6.06E-01,0.40578374
1986-06-01,7,47,1.32E-01,0.01903037
1986-07-01,7,47,-1.13E-01,0.15966795
1986-08-01,7,47,-2.43E-03,-0.4204621
1986-09-01,7,47,4.13E-01,-0.4204621
1986-10-01,7,47,9.66E-01,1.267189
1986-11-01,7,47,1.48E+00,NA
1986-12-01,7,47,1.84E+00,NA
1987-01-01,7,47,1.99E+00,NA
1987-02-01,7,47,1.88E+00,NA
1987-03-01,7,47,1.57E+00,NA
1987-04-01,7,47,1.13E+00,1.1265514
1987-05-01,7,47,6.09E-01,0.40578374
1987-06-01,7,47,1.20E-01,-0.367723
1987-07-01,7,47,-1.40E-01,-0.3853027
1987-08-01,7,47,-4.81E-02,-0.367723
1987-09-01,7,47,3.51E-01,1.2320296
1987-10-01,7,47,8.96E-01,1.267189
1987-11-01,7,47,1.40E+00,NA
1987-12-01,7,47,1.77E+00,NA
1988-01-01,7,47,1.93E+00,NA
1988-02-01,7,47,1.86E+00,NA
1988-03-01,7,47,1.56E+00,NA
1988-04-01,7,47,1.10E+00,NA
1988-05-01,7,47,5.57E-01,NA
1988-06-01,7,47,3.56E-02,NA
1988-07-01,7,47,-2.50E-01,-0.4204621
1988-08-01,7,47,-1.75E-01,-0.367723
1988-09-01,7,47,2.26E-01,0.33546495
1988-10-01,7,47,7.86E-01,1.1441311
1988-11-01,7,47,1.30E+00,NA
1988-12-01,7,47,1.70E+00,NA
1989-01-01,7,47,1.89E+00,NA
1989-02-01,7,47,1.84E+00,NA
1989-03-01,7,47,1.55E+00,NA
1989-04-01,7,47,1.09E+00,NA
1989-05-01,7,47,5.30E-01,1.0738122
1989-06-01,7,47,-9.47E-03,-0.4204621
1989-07-01,7,47,-3.00E-01,-0.4204621
1989-08-01,7,47,-2.20E-01,-0.3853027
1989-09-01,7,47,1.96E-01,-0.4204621
1989-10-01,7,47,7.74E-01,1.2144499
1989-11-01,7,47,1.31E+00,NA
1989-12-01,7,47,1.72E+00,NA
1990-01-01,7,47,1.92E+00,NA
1990-02-01,7,47,1.88E+00,NA
1990-03-01,7,47,1.60E+00,NA
1990-04-01,7,47,1.16E+00,NA
1990-05-01,7,47,6.05E-01,1.267189
1990-06-01,7,47,7.20E-02,-0.45562148
1990-07-01,7,47,-2.07E-01,-0.45562148
1990-08-01,7,47,-1.18E-01,-0.2974042
1990-09-01,7,47,3.00E-01,-0.17434631
1990-10-01,7,47,8.70E-01,NA
1990-11-01,7,47,1.39E+00,NA
1990-12-01,7,47,1.78E+00,NA
1991-01-01,7,47,1.97E+00,NA
1991-02-01,7,47,1.91E+00,NA
1991-03-01,7,47,1.64E+00,NA
1991-04-01,7,47,1.20E+00,1.1968702
1991-05-01,7,47,6.43E-01,1.0738122
1991-06-01,7,47,1.12E-01,0.35304463
1991-07-01,7,47,-1.63E-01,-0.17434631
1991-08-01,7,47,-6.74E-02,0.21240705
1991-09-01,7,47,3.63E-01,0.44094312
1991-10-01,7,47,9.37E-01,0.8452762
1991-11-01,7,47,1.44E+00,NA
1991-12-01,7,47,1.81E+00,NA
1992-01-01,7,47,1.99E+00,NA
1992-02-01,7,47,1.91E+00,NA
1992-03-01,7,47,1.62E+00,NA
1992-04-01,7,47,1.16E+00,NA
1992-05-01,7,47,5.79E-01,NA
1992-06-01,7,47,2.50E-02,1.267189
1992-07-01,7,47,-2.56E-01,-0.17434631
1992-08-01,7,47,-1.40E-01,-0.05128843
1992-09-01,7,47,3.23E-01,-0.12160722
1992-10-01,7,47,9.21E-01,1.2496092
1992-11-01,7,47,1.44E+00,NA
1992-12-01,7,47,1.81E+00,NA
1993-01-01,7,47,1.98E+00,NA
1993-02-01,7,47,1.90E+00,NA
1993-03-01,7,47,1.60E+00,NA
1993-04-01,7,47,1.13E+00,NA
1993-05-01,7,47,5.42E-01,NA
1993-06-01,7,47,-5.87E-03,-0.4204621
1993-07-01,7,47,-2.69E-01,-0.4204621
1993-08-01,7,47,-1.27E-01,-0.3325636
1993-09-01,7,47,3.50E-01,-0.3325636
1993-10-01,7,47,9.47E-01,0.5815807
1993-11-01,7,47,1.46E+00,NA
1993-12-01,7,47,1.82E+00,NA
1994-01-01,7,47,1.99E+00,NA
1994-02-01,7,47,1.92E+00,NA
1994-03-01,7,47,1.64E+00,NA
1994-04-01,7,47,1.20E+00,1.267189
1994-05-01,7,47,6.44E-01,1.0034934
1994-06-01,7,47,1.18E-01,-0.4204621
1994-07-01,7,47,-1.53E-01,-0.4204621
1994-08-01,7,47,-4.94E-02,0.33546495
1994-09-01,7,47,3.72E-01,0.22998676
1994-10-01,7,47,9.18E-01,1.267189
1994-11-01,7,47,1.40E+00,NA
1994-12-01,7,47,1.74E+00,NA
1995-01-01,7,47,1.91E+00,NA
1995-02-01,7,47,1.86E+00,NA
1995-03-01,7,47,1.61E+00,NA
1995-04-01,7,47,1.19E+00,1.2144499
1995-05-01,7,47,6.55E-01,0.40578374
1995-06-01,7,47,1.18E-01,-0.4204621
1995-07-01,7,47,-1.85E-01,-0.45562148
1995-08-01,7,47,-1.26E-01,-0.45562148
1995-09-01,7,47,2.49E-01,-0.10402752
1995-10-01,7,47,7.63E-01,0.59916043
1995-11-01,7,47,1.23E+00,NA
1995-12-01,7,47,1.58E+00,NA
1996-01-01,7,47,1.75E+00,NA
1996-02-01,7,47,1.71E+00,NA
1996-03-01,7,47,1.46E+00,NA
1996-04-01,7,47,1.03E+00,1.267189
1996-05-01,7,47,4.64E-01,1.267189
1996-06-01,7,47,-1.19E-01,-0.50836056
1996-07-01,7,47,-4.57E-01,-0.8775343
1996-08-01,7,47,-4.00E-01,-0.8775343
1996-09-01,7,47,-6.74E-04,0.33546495
1996-10-01,7,47,5.42E-01,1.2496092
1996-11-01,7,47,1.03E+00,NA
1996-12-01,7,47,1.39E+00,NA
1997-01-01,7,47,1.56E+00,NA
1997-02-01,7,47,1.52E+00,NA
1997-03-01,7,47,1.28E+00,NA
1997-04-01,7,47,8.52E-01,NA
1997-05-01,7,47,2.75E-01,NA
1997-06-01,7,47,-2.97E-01,-0.4204621
1997-07-01,7,47,-5.97E-01,-0.4204621
1997-08-01,7,47,-4.91E-01,-0.367723
1997-09-01,7,47,-5.85E-02,0.40578374
1997-10-01,7,47,4.87E-01,NA
1997-11-01,7,47,9.68E-01,NA
1997-12-01,7,47,1.31E+00,NA
1998-01-01,7,47,1.47E+00,NA
1998-02-01,7,47,1.43E+00,NA
1998-03-01,7,47,1.19E+00,NA
1998-04-01,7,47,7.88E-01,NA
1998-05-01,7,47,2.61E-01,NA
1998-06-01,7,47,-2.32E-01,-0.3325636
1998-07-01,7,47,-4.64E-01,NA
1998-08-01,7,47,-3.32E-01,-0.45562148
1998-09-01,7,47,7.19E-02,NA
1998-10-01,7,47,5.65E-01,NA
1998-11-01,7,47,1.01E+00,NA
1998-12-01,7,47,1.32E+00,NA
1999-01-01,7,47,1.47E+00,NA
1999-02-01,7,47,1.43E+00,NA
1999-03-01,7,47,1.21E+00,NA
1999-04-01,7,47,8.30E-01,NA
1999-05-01,7,47,3.49E-01,0.40578374
1999-06-01,7,47,-9.05E-02,0.40578374
1999-07-01,7,47,-2.90E-01,0.40578374
1999-08-01,7,47,-1.63E-01,0.40578374
1999-09-01,7,47,2.02E-01,0.40578374
1999-10-01,7,47,6.46E-01,1.1265514
1999-11-01,7,47,1.04E+00,NA
1999-12-01,7,47,1.33E+00,NA
2000-01-01,7,47,1.46E+00,NA
2000-02-01,7,47,1.41E+00,NA
2000-03-01,7,47,1.18E+00,NA
2000-04-01,7,47,7.98E-01,0.30030555
2000-05-01,7,47,3.20E-01,0.37062433
2000-06-01,7,47,-1.18E-01,0.47610253
2000-07-01,7,47,-3.29E-01,0.47610253
2000-08-01,7,47,-2.38E-01,0.30030555
2000-09-01,7,47,7.85E-02,0.07176946
2000-10-01,7,47,4.71E-01,0.30030555
2000-11-01,7,47,8.23E-01,NA
2000-12-01,7,47,1.07E+00,NA
2001-01-01,7,47,1.17E+00,NA
2001-02-01,7,47,1.11E+00,NA
2001-03-01,7,47,8.64E-01,NA
2001-04-01,7,47,4.64E-01,NA
2001-05-01,7,47,-3.60E-02,0.01903037
2001-06-01,7,47,-4.89E-01,-0.367723
2001-07-01,7,47,-7.29E-01,0.26514614
2001-08-01,7,47,-6.92E-01,0.15966795
2001-09-01,7,47,-4.33E-01,0.22998676
2001-10-01,7,47,-8.63E-02,0.21240705
2001-11-01,7,47,2.29E-01,NA
2001-12-01,7,47,4.45E-01,NA
2002-01-01,7,47,5.24E-01,NA
2002-02-01,7,47,4.39E-01,NA
2002-03-01,7,47,1.78E-01,NA
2002-04-01,7,47,-2.45E-01,NA
2002-05-01,7,47,-7.56E-01,0.01903037
2002-06-01,7,47,-1.22E+00,-1.4225049
2002-07-01,7,47,-1.49E+00,-4.815387
2002-08-01,7,47,-1.51E+00,-4.8505464
2002-09-01,7,47,-1.27E+00,0.22998676
2002-10-01,7,47,-8.88E-01,0.22998676
2002-11-01,7,47,-5.04E-01,NA
2002-12-01,7,47,-2.08E-01,NA
2003-01-01,7,47,-4.45E-02,NA
2003-02-01,7,47,-3.96E-02,NA
2003-03-01,7,47,-2.02E-01,NA
2003-04-01,7,47,-5.14E-01,0.37062433
2003-05-01,7,47,-9.03E-01,0.5288416
2003-06-01,7,47,-1.24E+00,-0.50836056
2003-07-01,7,47,-1.40E+00,-4.63959
2003-08-01,7,47,-1.30E+00,-4.63959
2003-09-01,7,47,-9.29E-01,-0.13918692
2003-10-01,7,47,-4.32E-01,0.21240705
2003-11-01,7,47,4.51E-02,NA
2003-12-01,7,47,4.17E-01,NA
2004-01-01,7,47,6.37E-01,NA
2004-02-01,7,47,6.75E-01,NA
2004-03-01,7,47,5.22E-01,NA
2004-04-01,7,47,1.99E-01,0.30030555
2004-05-01,7,47,-2.31E-01,0.26514614
2004-06-01,7,47,-6.24E-01,-0.06886812
2004-07-01,7,47,-8.06E-01,-0.06886812
2004-08-01,7,47,-6.87E-01,-0.05128843
2004-09-01,7,47,-3.12E-01,0.15966795
2004-10-01,7,47,1.63E-01,0.22998676
2004-11-01,7,47,6.04E-01,NA
2004-12-01,7,47,9.39E-01,NA
2005-01-01,7,47,1.12E+00,NA
2005-02-01,7,47,1.10E+00,NA
2005-03-01,7,47,8.86E-01,NA
2005-04-01,7,47,4.96E-01,0.54642135
2005-05-01,7,47,-2.72E-03,0.6167401
2005-06-01,7,47,-4.53E-01,0.05418976
2005-07-01,7,47,-6.62E-01,-0.06886812
2005-08-01,7,47,-5.47E-01,-0.10402752
2005-09-01,7,47,-1.81E-01,0.22998676
2005-10-01,7,47,2.72E-01,0.30030555
2005-11-01,7,47,6.85E-01,NA
2005-12-01,7,47,9.94E-01,NA
2006-01-01,7,47,1.15E+00,NA
2006-02-01,7,47,1.11E+00,NA
2006-03-01,7,47,8.69E-01,NA
2006-04-01,7,47,4.47E-01,0.47610253
2006-05-01,7,47,-8.23E-02,0.47610253
2006-06-01,7,47,-5.48E-01,0.30030555
2006-07-01,7,47,-7.61E-01,-3.7078657
2006-08-01,7,47,-6.54E-01,-3.7078657
2006-09-01,7,47,-3.01E-01,0.12450856
2006-10-01,7,47,1.34E-01,0.30030555
2006-11-01,7,47,5.32E-01,NA
2006-12-01,7,47,8.33E-01,NA
2007-01-01,7,47,9.85E-01,NA
2007-02-01,7,47,9.49E-01,NA
2007-03-01,7,47,7.09E-01,NA
2007-04-01,7,47,2.86E-01,NA
2007-05-01,7,47,-2.37E-01,0.26514614
2007-06-01,7,47,-6.82E-01,0.01903037
2007-07-01,7,47,-8.72E-01,0.17724766
2007-08-01,7,47,-7.48E-01,-0.01612903
2007-09-01,7,47,-3.84E-01,0.12450856
2007-10-01,7,47,5.95E-02,0.33546495
2007-11-01,7,47,4.67E-01,NA
2007-12-01,7,47,7.82E-01,NA
2008-01-01,7,47,9.53E-01,NA
2008-02-01,7,47,9.38E-01,NA
2008-03-01,7,47,7.22E-01,NA
2008-04-01,7,47,3.28E-01,0.37062433
2008-05-01,7,47,-1.62E-01,-0.6138388
2008-06-01,7,47,-5.74E-01,-0.6138388
2008-07-01,7,47,-7.32E-01,-0.6489982
2008-08-01,7,47,-5.78E-01,-0.6489982
2008-09-01,7,47,-1.96E-01,-1.1763891
2008-10-01,7,47,2.51E-01,0.21240705
2008-11-01,7,47,6.56E-01,NA
2008-12-01,7,47,9.68E-01,NA
2009-01-01,7,47,1.14E+00,NA
2009-02-01,7,47,1.12E+00,NA
2009-03-01,7,47,9.09E-01,NA
2009-04-01,7,47,5.21E-01,0.37062433
2009-05-01,7,47,3.38E-02,0.47610253
2009-06-01,7,47,-3.83E-01,-0.13918692
2009-07-01,7,47,-5.50E-01,-0.12160722
2009-08-01,7,47,-4.09E-01,-0.05128843
2009-09-01,7,47,-4.52E-02,-0.10402752
2009-10-01,7,47,3.76E-01,0.5288416
2009-11-01,7,47,7.54E-01,NA
2009-12-01,7,47,1.04E+00,NA
2010-01-01,7,47,1.19E+00,NA
2010-02-01,7,47,1.16E+00,NA
2010-03-01,7,47,9.42E-01,NA
2010-04-01,7,47,5.48E-01,NA
2010-05-01,7,47,5.81E-02,0.12450856
2010-06-01,7,47,-3.64E-01,0.24756645
2010-07-01,7,47,-5.51E-01,0.24756645
2010-08-01,7,47,-4.40E-01,0.15966795
2010-09-01,7,47,-1.10E-01,-0.22708541
2010-10-01,7,47,2.80E-01,-0.20950572
2010-11-01,7,47,6.24E-01,NA
2010-12-01,7,47,8.78E-01,NA
2011-01-01,7,47,1.00E+00,NA
2011-02-01,7,47,9.58E-01,NA
2011-03-01,7,47,7.32E-01,NA
2011-04-01,7,47,3.40E-01,NA
2011-05-01,7,47,-1.44E-01,-0.3853027
2011-06-01,7,47,-5.72E-01,-0.367723
2011-07-01,7,47,-7.93E-01,-1.7389395
2011-08-01,7,47,-7.39E-01,-1.7389395
2011-09-01,7,47,-4.57E-01,0.30030555
2011-10-01,7,47,-9.31E-02,0.30030555
2011-11-01,7,47,2.22E-01,NA
2011-12-01,7,47,4.21E-01,NA
2012-01-01,7,47,4.67E-01,NA
2012-02-01,7,47,3.45E-01,NA
2012-03-01,7,47,5.54E-02,NA
2012-04-01,7,47,-3.74E-01,0.30030555
2012-05-01,7,47,-8.48E-01,0.01903037
2012-06-01,7,47,-1.20E+00,-1.3170267
2012-07-01,7,47,-1.28E+00,-1.9850553
2012-08-01,7,47,-1.07E+00,-1.826838
2012-09-01,7,47,-6.27E-01,-1.826838
2012-10-01,7,47,-1.09E-01,0.28272584
2012-11-01,7,47,3.70E-01,NA
2012-12-01,7,47,7.28E-01,NA
2013-01-01,7,47,9.27E-01,NA
2013-02-01,7,47,9.67E-01,NA
2013-03-01,7,47,8.61E-01,NA
2013-04-01,7,47,6.37E-01,NA
2013-05-01,7,47,3.43E-01,0.5288416
2013-06-01,7,47,7.17E-02,0.5288416
2013-07-01,7,47,-5.47E-02,0.5288416
2013-08-01,7,47,2.52E-02,0.5288416
2013-09-01,7,47,2.68E-01,0.5288416
2013-10-01,7,47,5.84E-01,0.5288416
2013-11-01,7,47,8.89E-01,NA
2013-12-01,7,47,1.12E+00,NA
2014-01-01,7,47,1.25E+00,NA
2014-02-01,7,47,1.25E+00,NA
2014-03-01,7,47,1.11E+00,NA
2014-04-01,7,47,8.56E-01,0.5288416
2014-05-01,7,47,5.29E-01,0.5288416
2014-06-01,7,47,2.29E-01,-0.17434631
2014-07-01,7,47,8.35E-02,-0.06886812
2014-08-01,7,47,1.51E-01,0.5288416
2014-09-01,7,47,3.78E-01,0.5288416
2014-10-01,7,47,6.67E-01,0.17724766
2014-11-01,7,47,9.40E-01,NA
2014-12-01,7,47,1.14E+00,NA
2015-01-01,7,47,1.25E+00,NA
2015-02-01,7,47,1.23E+00,NA
2015-03-01,7,47,1.09E+00,NA
2015-04-01,7,47,8.39E-01,NA
2015-05-01,7,47,5.30E-01,0.51126194
2015-06-01,7,47,2.54E-01,0.5288416
2015-07-01,7,47,1.19E-01,0.5288416
2015-08-01,7,47,1.68E-01,0.5288416
2015-09-01,7,47,3.48E-01,0.15966795
2015-10-01,7,47,5.71E-01,0.47610253
2015-11-01,7,47,7.72E-01,NA
2015-12-01,7,47,9.08E-01,NA
1984-01-01,2,46,-0.66201866,NA
1984-02-01,2,46,-0.94035757,NA
1984-03-01,2,46,-1.2006733,NA
1984-04-01,2,46,-1.3994837,NA
1984-05-01,2,46,-1.5659547,-1.5515845
1984-06-01,2,46,-1.7004014,-1.5515845
1984-07-01,2,46,-1.769566,-1.5515845
1984-08-01,2,46,-1.7329779,-1.5515845
1984-09-01,2,46,-1.6064355,-1.5515845
1984-10-01,2,46,-1.4435085,NA
1984-11-01,2,46,-1.289722,NA
1984-12-01,2,46,-1.1756767,NA
1985-01-01,2,46,-1.1202127,NA
1985-02-01,2,46,-1.1314846,NA
1985-03-01,2,46,-1.2069707,NA
1985-04-01,2,46,-1.3329158,-1.5472695
1985-05-01,2,46,-1.4823778,-1.5515845
1985-06-01,2,46,-1.6145163,-1.5515845
1985-07-01,2,46,-1.6858153,-1.5515845
1985-08-01,2,46,-1.6684333,-1.5515845
1985-09-01,2,46,-1.561154,-1.5515845
1985-10-01,2,46,-1.389006,-1.5515845
1985-11-01,2,46,-1.1926711,NA
1985-12-01,2,46,-1.0138597,NA
1986-01-01,2,46,-0.88540953,NA
1986-02-01,2,46,-0.8278781,NA
1986-03-01,2,46,-0.848017,NA
1986-04-01,2,46,-0.9367912,-0.94532645
1986-05-01,2,46,-1.0691742,-1.510592
1986-06-01,2,46,-1.2072325,-1.510592
1986-07-01,2,46,-1.307033,-1.510592
1986-08-01,2,46,-1.3305273,-1.4437094
1986-09-01,2,46,-1.2598212,-1.4437094
1986-10-01,2,46,-1.106416,-1.4437094
1986-11-01,2,46,-0.9105369,NA
1986-12-01,2,46,-0.7280794,NA
1987-01-01,2,46,-0.6075882,NA
1987-02-01,2,46,-0.57625455,NA
1987-03-01,2,46,-0.63871354,0.2801346
1987-04-01,2,46,-0.7797767,0.11400694
1987-05-01,2,46,-0.96870375,-0.8568689
1987-06-01,2,46,-1.161574,-1.2689518
1987-07-01,2,46,-1.305237,-1.5472695
1987-08-01,2,46,-1.3525386,-1.5472695
1987-09-01,2,46,-1.285758,-1.2775818
1987-10-01,2,46,-1.1343244,NA
1987-11-01,2,46,-0.9610075,NA
1987-12-01,2,46,-0.82054853,NA
1988-01-01,2,46,-0.74720734,NA
1988-02-01,2,46,-0.75790495,NA
1988-03-01,2,46,-0.85069174,-0.8611839
1988-04-01,2,46,-1.0064175,-0.92159396
1988-05-01,2,46,-1.1928905,-1.2150142
1988-06-01,2,46,-1.3686464,-1.4782294
1988-07-01,2,46,-1.4898014,-1.5515845
1988-08-01,2,46,-1.5237792,-1.5515845
1988-09-01,2,46,-1.4659741,-1.5515845
1988-10-01,2,46,-1.3438582,-1.5515845
1988-11-01,2,46,-1.2013975,NA
1988-12-01,2,46,-1.080353,NA
1989-01-01,2,46,-1.0110725,NA
1989-02-01,2,46,-1.0097933,NA
1989-03-01,2,46,-1.0773585,NA
1989-04-01,2,46,-1.1994915,NA
1989-05-01,2,46,-1.3493586,-1.2603217
1989-06-01,2,46,-1.4921985,NA
1989-07-01,2,46,-1.5929065,-1.5515845
1989-08-01,2,46,-1.6269627,-1.5515845
1989-09-01,2,46,-1.5904961,-1.5515845
1989-10-01,2,46,-1.5017387,-1.5515845
1989-11-01,2,46,-1.3921584,NA
1989-12-01,2,46,-1.2944902,NA
1990-01-01,2,46,-1.2343296,NA
1990-02-01,2,46,-1.2261493,NA
1990-03-01,2,46,-1.2718155,NA
1990-04-01,2,46,-1.3606505,-1.5515845
1990-05-01,2,46,-1.4715308,-1.5472695
1990-06-01,2,46,-1.5773051,-1.476072
1990-07-01,2,46,-1.6512842,-1.540797
1990-08-01,2,46,-1.6750205,-1.5429544
1990-09-01,2,46,-1.6447201,-1.5515845
1990-10-01,2,46,-1.5723023,-1.5472695
1990-11-01,2,46,-1.4802566,NA
1990-12-01,2,46,-1.3939688,NA
1991-01-01,2,46,-1.3352196,NA
1991-02-01,2,46,-1.3179595,NA
1991-03-01,2,46,-1.3460845,-1.5472695
1991-04-01,2,46,-1.4128807,-1.5515845
1991-05-01,2,46,-1.502293,-1.4739144
1991-06-01,2,46,-1.5920801,-1.514907
1991-07-01,2,46,-1.6586561,-1.5515845
1991-08-01,2,46,-1.683379,-1.5472695
1991-09-01,2,46,-1.6588502,-1.5429544
1991-10-01,2,46,-1.5919008,-1.5235369
1991-11-01,2,46,-1.5010875,NA
1991-12-01,2,46,-1.4104415,NA
1992-01-01,2,46,-1.3428326,NA
1992-02-01,2,46,-1.3148427,NA
1992-03-01,2,46,-1.3335552,NA
1992-04-01,2,46,-1.3951218,-1.4674419
1992-05-01,2,46,-1.4850124,-1.5170645
1992-06-01,2,46,-1.5799395,-1.5515845
1992-07-01,2,46,-1.6518391,-1.5515845
1992-08-01,2,46,-1.6749095,-1.5515845
1992-09-01,2,46,-1.6349804,-1.5515845
1992-10-01,2,46,-1.5363954,-1.5256945
1992-11-01,2,46,-1.4012986,NA
1992-12-01,2,46,-1.2619472,NA
1993-01-01,2,46,-1.1505976,NA
1993-02-01,2,46,-1.091188,NA
1993-03-01,2,46,-1.0950499,NA
1993-04-01,2,46,-1.1594386,-1.3466219
1993-05-01,2,46,-1.2669654,-1.3466219
1993-06-01,2,46,-1.38556,-1.514907
1993-07-01,2,46,-1.4715133,-1.5515845
1993-08-01,2,46,-1.4806569,-1.5213795
1993-09-01,2,46,-1.3876507,-1.5213795
1993-10-01,2,46,-1.201892,NA
1993-11-01,2,46,-0.96551645,NA
1993-12-01,2,46,-0.73362255,NA
1994-01-01,2,46,-0.5538362,NA
1994-02-01,2,46,-0.4564371,NA
1994-03-01,2,46,-0.45058072,0.81951004
1994-04-01,2,46,-0.5248964,-0.22040585
1994-05-01,2,46,-0.64998543,-0.7187888
1994-06-01,2,46,-0.7782852,-1.0985091
1994-07-01,2,46,-0.8483292,-1.1912817
1994-08-01,2,46,-0.8051311,-1.3595668
1994-09-01,2,46,-0.6295557,-0.38221848
1994-10-01,2,46,-0.3516562,-0.38221848
1994-11-01,2,46,-0.03481467,NA
1994-12-01,2,46,0.25335854,NA
1995-01-01,2,46,0.45964152,NA
1995-02-01,2,46,0.55796397,NA
1995-03-01,2,46,0.5533584,NA
1995-04-01,2,46,0.46918797,0.6641699
1995-05-01,2,46,0.33740556,-0.01112817
1995-06-01,2,46,0.20000488,0.3081821
1995-07-01,2,46,0.10896112,0.25640205
1995-08-01,2,46,0.11118683,-0.11253076
1995-09-01,2,46,0.22427315,0.25855955
1995-10-01,2,46,0.42553747,0.5908148
1995-11-01,2,46,0.66361475,NA
1995-12-01,2,46,0.8793918,NA
1996-01-01,2,46,1.0233693,NA
1996-02-01,2,46,1.070857,NA
1996-03-01,2,46,1.0257866,0.9640627
1996-04-01,2,46,0.909449,0.9640627
1996-05-01,2,46,0.7521015,0.83892757
1996-06-01,2,46,0.5938977,0.6318074
1996-07-01,2,46,0.48373073,0.5131448
1996-08-01,2,46,0.46411586,0.49588475
1996-09-01,2,46,0.5488513,0.57786983
1996-10-01,2,46,0.7147899,0.6318074
1996-11-01,2,46,0.91393846,NA
1996-12-01,2,46,1.0926878,NA
1997-01-01,2,46,1.207233,NA
1997-02-01,2,46,1.2352487,NA
1997-03-01,2,46,1.1787422,NA
1997-04-01,2,46,1.0560989,0.8842351
1997-05-01,2,46,0.89582336,0.86481756
1997-06-01,2,46,0.737202,0.8540301
1997-07-01,2,46,0.6277239,0.6555399
1997-08-01,2,46,0.6063677,0.6555399
1997-09-01,2,46,0.6824042,0.8756051
1997-10-01,2,46,0.8307936,0.9317001
1997-11-01,2,46,1.006268,NA
1997-12-01,2,46,1.1612878,NA
1998-01-01,2,46,1.2581522,NA
1998-02-01,2,46,1.2771535,NA
1998-03-01,2,46,1.2189308,NA
1998-04-01,2,46,1.0993019,0.93817264
1998-05-01,2,46,0.94507015,0.9489601
1998-06-01,2,46,0.79446155,0.8863926
1998-07-01,2,46,0.6927724,0.87992007
1998-08-01,2,46,0.67475,0.91012514
1998-09-01,2,46,0.7459328,0.91012514
1998-10-01,2,46,0.8811235,0.92954266
1998-11-01,2,46,1.0387149,NA
1998-12-01,2,46,1.1765522,NA
1999-01-01,2,46,1.2615825,NA
1999-02-01,2,46,1.2759815,NA
1999-03-01,2,46,1.2193431,0.95111763
1999-04-01,2,46,1.105633,0.6318074
1999-05-01,2,46,0.96040744,0.75909996
1999-06-01,2,46,0.8203708,0.75909996
1999-07-01,2,46,0.72751725,0.7785175
1999-08-01,2,46,0.7124972,0.69868994
1999-09-01,2,46,0.778871,0.9338576
1999-10-01,2,46,0.90274423,0.96622014
1999-11-01,2,46,1.0459374,NA
1999-12-01,2,46,1.170209,NA
2000-01-01,2,46,1.2457285,NA
2000-02-01,2,46,1.2559445,NA
2000-03-01,2,46,1.1995916,1.0352602
2000-04-01,2,46,1.0892135,0.95759016
2000-05-01,2,46,0.9493858,0.95543265
2000-06-01,2,46,0.815502,0.91012514
2000-07-01,2,46,0.72706795,0.59944487
2000-08-01,2,46,0.71218574,0.59944487
2000-09-01,2,46,0.7735633,0.8583451
2000-10-01,2,46,0.88843834,0.8432426
2000-11-01,2,46,1.0208949,NA
2000-12-01,2,46,1.135237,NA
2001-01-01,2,46,1.2037346,NA
2001-02-01,2,46,1.2105216,NA
2001-03-01,2,46,1.1534932,NA
2001-04-01,2,46,1.0440929,1.0352602
2001-05-01,2,46,0.90642786,1.0417327
2001-06-01,2,46,0.7755108,0.95111763
2001-07-01,2,46,0.6896799,0.6727999
2001-08-01,2,46,0.67546743,0.6555399
2001-09-01,2,46,0.734753,0.8777626
2001-10-01,2,46,0.8451513,0.61238986
2001-11-01,2,46,0.9719592,NA
2001-12-01,2,46,1.080933,NA
2002-01-01,2,46,1.1454786,NA
2002-02-01,2,46,1.1499788,NA
2002-03-01,2,46,1.0916945,NA
2002-04-01,2,46,0.98139626,1.0223153
2002-05-01,2,46,0.84311765,0.9813227
2002-06-01,2,46,0.71200097,0.73320997
2002-07-01,2,46,0.62592924,0.7224225
2002-08-01,2,46,0.6105214,0.6512249
2002-09-01,2,46,0.66717523,0.73320997
2002-10-01,2,46,0.7738338,0.93817264
2002-11-01,2,46,0.8965455,NA
2002-12-01,2,46,1.0017644,NA
2003-01-01,2,46,1.0632718,NA
2003-02-01,2,46,1.065322,NA
2003-03-01,2,46,1.0046351,1.0331028
2003-04-01,2,46,0.89156085,0.9597477
2003-05-01,2,46,0.7502713,0.7785175
2003-06-01,2,46,0.6163159,0.6512249
2003-07-01,2,46,0.5275734,0.62101984
2003-08-01,2,46,0.5092425,0.56708235
2003-09-01,2,46,0.56257904,0.5757123
2003-10-01,2,46,0.66592824,0.7526275
2003-11-01,2,46,0.7858801,NA
2003-12-01,2,46,0.88918984,NA
2004-01-01,2,46,0.9495994,NA
2004-02-01,2,46,0.9509801,NA
2004-03-01,2,46,0.88945156,NA
2004-04-01,2,46,0.7749382,0.80872256
2004-05-01,2,46,0.6317009,NA
2004-06-01,2,46,0.49567682,0.49804226
2004-07-01,2,46,0.4048465,0.33838713
2004-08-01,2,46,0.38417974,0.33838713
2004-09-01,2,46,0.43498838,0.35780466
2004-10-01,2,46,0.5362122,0.80656505
2004-11-01,2,46,0.65511155,NA
2004-12-01,2,46,0.7586963,NA
2005-01-01,2,46,0.82040614,NA
2005-02-01,2,46,0.823362,NA
2005-03-01,2,46,0.7627651,0.9014951
2005-04-01,2,46,0.64791083,0.56708235
2005-05-01,2,46,0.5031192,0.5390348
2005-06-01,2,46,0.36498722,0.20030701
2005-07-01,2,46,0.27216408,0.20030701
2005-08-01,2,46,0.2499055,0.20462202
2005-09-01,2,46,0.2997217,0.22619703
2005-10-01,2,46,0.40101004,0.38369468
2005-11-01,2,46,0.521513,NA
2005-12-01,2,46,0.6282686,NA
2006-01-01,2,46,0.6940725,NA
2006-02-01,2,46,0.70091754,NA
2006-03-01,2,46,0.6428593,0.7828325
2006-04-01,2,46,0.52860326,0.49804226
2006-05-01,2,46,0.38289052,0.4160572
2006-06-01,2,46,0.24370092,0.16362947
2006-07-01,2,46,0.15123266,-0.6281737
2006-08-01,2,46,0.13152272,-0.6281737
2006-09-01,2,46,0.18600957,0.187362
2006-10-01,2,46,0.2938026,0.25424457
2006-11-01,2,46,0.42248106,NA
2006-12-01,2,46,0.53875196,NA
2007-01-01,2,46,0.61453784,NA
2007-02-01,2,46,0.6305551,NA
2007-03-01,2,46,0.5796842,0.25640205
2007-04-01,2,46,0.4700663,0.54982233
2007-05-01,2,46,0.3268918,0.49804226
2007-06-01,2,46,0.18974689,0.35780466
2007-07-01,2,46,0.1010435,0.20462202
2007-08-01,2,46,0.08832684,0.17657448
2007-09-01,2,46,0.15300316,0.38369468
2007-10-01,2,46,0.27320442,0.4462622
2007-11-01,2,46,0.41558683,NA
2007-12-01,2,46,0.54602873,NA
2008-01-01,2,46,0.6352421,NA
2008-02-01,2,46,0.6624597,NA
2008-03-01,2,46,0.6192771,0.5541373
2008-04-01,2,46,0.5130791,0.5627673
2008-05-01,2,46,0.36925513,0.4160572
2008-06-01,2,46,0.2292616,0.39016718
2008-07-01,2,46,0.13902354,0.24561454
2008-08-01,2,46,0.12917437,0.24561454
2008-09-01,2,46,0.20149566,0.24561454
2008-10-01,2,46,0.33219397,0.39663967
2008-11-01,2,46,0.48588836,NA
2008-12-01,2,46,0.62713665,NA
2009-01-01,2,46,0.72535986,NA
2009-02-01,2,46,0.7583711,NA
2009-03-01,2,46,0.71659833,NA
2009-04-01,2,46,0.6067434,0.815195
2009-05-01,2,46,0.45453963,0.35564715
2009-06-01,2,46,0.30393845,0.17441699
2009-07-01,2,46,0.20563203,0.17441699
2009-08-01,2,46,0.19442372,0.17657448
2009-09-01,2,46,0.27221656,0.27150458
2009-10-01,2,46,0.41167206,NA
2009-11-01,2,46,0.5740178,NA
2009-12-01,2,46,0.7228353,NA
2010-01-01,2,46,0.8278467,NA
2010-02-01,2,46,0.86720747,NA
2010-03-01,2,46,0.83168584,0.8712901
2010-04-01,2,46,0.7283318,0.7353675
2010-05-01,2,46,0.58310366,0.6900599
2010-06-01,2,46,0.44047016,0.4009547
2010-07-01,2,46,0.35259062,0.3923247
2010-08-01,2,46,0.35584912,0.3923247
2010-09-01,2,46,0.45156437,0.4462622
2010-10-01,2,46,0.60916126,0.5627673
2010-11-01,2,46,0.7869076,NA
2010-12-01,2,46,0.94849694,NA
2011-01-01,2,46,1.0665923,NA
2011-02-01,2,46,1.1232456,NA
2011-03-01,2,46,1.1123306,NA
2011-04-01,2,46,1.0414013,NA
2011-05-01,2,46,0.9325695,0.96837765
2011-06-01,2,46,0.8221956,0.9165976
2011-07-01,2,46,0.75343204,0.84971505
2011-08-01,2,46,0.75728303,0.84755754
2011-09-01,2,46,0.83502954,0.94033015
2011-10-01,2,46,0.959219,1.0136852
2011-11-01,2,46,1.0907354,NA
2011-12-01,2,46,1.1949964,NA
2012-01-01,2,46,1.248611,NA
2012-02-01,2,46,1.2402921,NA
2012-03-01,2,46,1.1702095,1.0136852
2012-04-01,2,46,1.0496334,1.0136852
2012-05-01,2,46,0.9018797,0.96622014
2012-06-01,2,46,0.7621286,NA
2012-07-01,2,46,0.66957426,0.70300496
2012-08-01,2,46,0.6506091,0.73320997
2012-09-01,2,46,0.7057011,0.73320997
2012-10-01,2,46,0.81208,0.9014951
2012-11-01,2,46,0.9371828,NA
2012-12-01,2,46,1.0501909,NA
2013-01-01,2,46,1.1276401,NA
2013-02-01,2,46,1.1557562,NA
2013-03-01,2,46,1.1311868,NA
2013-04-01,2,46,1.0609276,NA
2013-05-01,2,46,0.96232235,NA
2013-06-01,2,46,0.8623326,0.9597477
2013-07-01,2,46,0.7924397,0.82166755
2013-08-01,2,46,0.77678347,0.82166755
2013-09-01,2,46,0.82038724,0.83245504
2013-10-01,2,46,0.9081023,0.9597477
2013-11-01,2,46,1.0136327,NA
2013-12-01,2,46,1.1096519,NA
2014-01-01,2,46,1.1741605,NA
2014-02-01,2,46,1.1935339,NA
2014-03-01,2,46,1.1635718,1.0352602
2014-04-01,2,46,1.0898124,1.0331028
2014-05-01,2,46,0.98797256,0.9489601
2014-06-01,2,46,0.8834629,0.9468027
2014-07-01,2,46,0.80640197,0.81951004
2014-08-01,2,46,0.7800422,0.6447524
2014-09-01,2,46,0.80928755,0.83245504
2014-10-01,2,46,0.8795968,0.86697507
2014-11-01,2,46,0.96577114,NA
2014-12-01,2,46,1.0419134,NA
2015-01-01,2,46,1.0877099,NA
2015-02-01,2,46,1.0912662,NA
2015-03-01,2,46,1.0499942,1.0007402
2015-04-01,2,46,0.970919,0.9597477
2015-05-01,2,46,0.8707511,0.8130375
2015-06-01,2,46,0.7741335,0.5757123
2015-07-01,2,46,0.7071543,0.5713973
2015-08-01,2,46,0.68633044,0.7957775
2015-09-01,2,46,0.7104107,0.7957775
2015-10-01,2,46,0.7624613,0.7957775
2015-11-01,2,46,0.8194918,NA
2015-12-01,2,46,0.861146,NA
1984-01-01,5,25,-0.06467667,NA
1984-02-01,5,25,-0.10060127,NA
1984-03-01,5,25,-0.2791434,NA
1984-04-01,5,25,-0.46765465,NA
1984-05-01,5,25,-0.6515956,NA
1984-06-01,5,25,-0.8196246,-0.82164866
1984-07-01,5,25,-0.9501494,-0.82164866
1984-08-01,5,25,-1.0046928,-0.82164866
1984-09-01,5,25,-0.9505341,-0.82164866
1984-10-01,5,25,-0.81568736,NA
1984-11-01,5,25,-0.65550005,NA
1984-12-01,5,25,-0.5110487,NA
1985-01-01,5,25,-0.41129917,NA
1985-02-01,5,25,-0.37608355,NA
1985-03-01,5,25,-0.41520172,-0.82164866
1985-04-01,5,25,-0.52605295,-0.82164866
1985-05-01,5,25,-0.6896848,-0.82164866
1985-06-01,5,25,-0.86667687,NA
1985-07-01,5,25,-1.004684,-0.82164866
1985-08-01,5,25,-1.0587126,-0.82164866
1985-09-01,5,25,-1.0077193,NA
1985-10-01,5,25,-0.86101335,-0.82164866
1985-11-01,5,25,-0.6537817,NA
1985-12-01,5,25,-0.43391806,NA
1986-01-01,5,25,-0.24856307,NA
1986-02-01,5,25,-0.13523206,NA
1986-03-01,5,25,-0.11468376,-0.82164866
1986-04-01,5,25,-0.18595798,-0.82164866
1986-05-01,5,25,-0.3275791,-0.82164866
1986-06-01,5,25,-0.5012252,-0.82164866
1986-07-01,5,25,-0.6557174,-0.82164866
1986-08-01,5,25,-0.7371302,-0.82164866
1986-09-01,5,25,-0.7074284,-0.82164866
1986-10-01,5,25,-0.5653545,-0.82164866
1986-11-01,5,25,-0.35585523,NA
1986-12-01,5,25,-0.14360923,NA
1987-01-01,5,25,0.02054204,NA
1987-02-01,5,25,0.10337814,NA
1987-03-01,5,25,0.08983304,1.7539102
1987-04-01,5,25,-0.01554798,1.090895
1987-05-01,5,25,-0.19055426,-0.4646405
1987-06-01,5,25,-0.39788795,-0.82164866
1987-07-01,5,25,-0.585854,-0.82164866
1987-08-01,5,25,-0.6947212,-0.82164866
1987-09-01,5,25,-0.68549144,-0.82164866
1987-10-01,5,25,-0.56962454,-0.82164866
1987-11-01,5,25,-0.39727148,NA
1987-12-01,5,25,-0.22499126,NA
1988-01-01,5,25,-0.09890502,NA
1988-02-01,5,25,-0.05039233,NA
1988-03-01,5,25,-0.09348152,-0.82164866
1988-04-01,5,25,-0.22298804,-0.82164866
1988-05-01,5,25,-0.41493648,-0.82164866
1988-06-01,5,25,-0.6261949,-0.82164866
1988-07-01,5,25,-0.8006606,-0.82164866
1988-08-01,5,25,-0.89362085,-0.82164866
1988-09-01,5,25,-0.88958013,-0.82164866
1988-10-01,5,25,-0.80242705,-0.82164866
1988-11-01,5,25,-0.666297,NA
1988-12-01,5,25,-0.52290523,NA
1989-01-01,5,25,-0.4099671,NA
1989-02-01,5,25,-0.35411274,NA
1989-03-01,5,25,-0.36795405,NA
1989-04-01,5,25,-0.44895083,-0.4646405
1989-05-01,5,25,-0.5794913,-0.82164866
1989-06-01,5,25,-0.72863925,-0.82164866
1989-07-01,5,25,-0.8579782,-0.82164866
1989-08-01,5,25,-0.9335325,-0.82164866
1989-09-01,5,25,-0.9383367,-0.82164866
1989-10-01,5,25,-0.8778398,-0.82164866
1989-11-01,5,25,-0.7757358,NA
1989-12-01,5,25,-0.66378343,NA
1990-01-01,5,25,-0.5717734,NA
1990-02-01,5,25,-0.52140564,NA
1990-03-01,5,25,-0.5234307,-0.82164866
1990-04-01,5,25,-0.57630354,-0.82164866
1990-05-01,5,25,-0.6663395,-0.82164866
1990-06-01,5,25,-0.7701735,-0.82164866
1990-07-01,5,25,-0.8601929,NA
1990-08-01,5,25,-0.9125214,-0.82164866
1990-09-01,5,25,-0.9147956,-0.82164866
1990-10-01,5,25,-0.8698177,-0.82164866
1990-11-01,5,25,-0.79323983,NA
1990-12-01,5,25,-0.70723605,NA
1991-01-01,5,25,-0.63389647,NA
1991-02-01,5,25,-0.5905006,NA
1991-03-01,5,25,-0.58655334,-0.82164866
1991-04-01,5,25,-0.6220939,-0.82164866
1991-05-01,5,25,-0.68762106,-0.82164866
1991-06-01,5,25,-0.76606333,-0.82164866
1991-07-01,5,25,-0.83668816,-0.82164866
1991-08-01,5,25,-0.8804479,-0.82164866
1991-09-01,5,25,-0.88556373,-0.82164866
1991-10-01,5,25,-0.85118014,-0.82164866
1991-11-01,5,25,-0.78727627,NA
1991-12-01,5,25,-0.71107495,NA
1992-01-01,5,25,-0.6419822,NA
1992-02-01,5,25,-0.5969557,NA
1992-03-01,5,25,-0.58694506,-0.82164866
1992-04-01,5,25,-0.61451465,-0.82164866
1992-05-01,5,25,-0.6730296,-0.82164866
1992-06-01,5,25,-0.7476991,NA
1992-07-01,5,25,-0.81840265,NA
1992-08-01,5,25,-0.8642772,-0.82164866
1992-09-01,5,25,-0.86970115,-0.82164866
1992-10-01,5,25,-0.8298461,-0.82164866
1992-11-01,5,25,-0.7528992,NA
1992-12-01,5,25,-0.6574642,NA
1993-01-01,5,25,-0.56667525,NA
1993-02-01,5,25,-0.5019619,NA
1993-03-01,5,25,-0.47816235,-0.82164866
1993-04-01,5,25,-0.50035924,-0.82164866
1993-05-01,5,25,-0.56262136,-0.82164866
1993-06-01,5,25,-0.64865524,-0.82164866
1993-07-01,5,25,-0.7342162,-0.82164866
1993-08-01,5,25,-0.7918983,-0.82164866
1993-09-01,5,25,-0.7990597,-0.82164866
1993-10-01,5,25,-0.74701744,-0.82164866
1993-11-01,5,25,-0.6460406,NA
1993-12-01,5,25,-0.5218586,NA
1994-01-01,5,25,-0.406331,NA
1994-02-01,5,25,-0.32852387,NA
1994-03-01,5,25,-0.30884543,NA
1994-04-01,5,25,-0.3554358,-0.82164866
1994-05-01,5,25,-0.46215376,-0.82164866
1994-06-01,5,25,-0.6078772,-0.82164866
1994-07-01,5,25,-0.7573607,-0.82164866
1994-08-01,5,25,-0.8662784,-0.82164866
1994-09-01,5,25,-0.8937462,-0.82164866
1994-10-01,5,25,-0.821268,-0.82164866
1994-11-01,5,25,-0.6665859,NA
1994-12-01,5,25,-0.4757715,NA
1995-01-01,5,25,-0.2996473,NA
1995-02-01,5,25,-0.17866859,NA
1995-03-01,5,25,-0.13851097,NA
1995-04-01,5,25,-0.18733048,0.8868904
1995-05-01,5,25,-0.3129485,-0.79614806
1995-06-01,5,25,-0.47981995,-0.82164866
1995-07-01,5,25,-0.6273417,-0.82164866
1995-08-01,5,25,-0.6801154,-0.82164866
1995-09-01,5,25,-0.57895285,-0.82164866
1995-10-01,5,25,-0.32007268,-0.82164866
1995-11-01,5,25,0.03605204,NA
1995-12-01,5,25,0.40588164,NA
1996-01-01,5,25,0.71837646,NA
1996-02-01,5,25,0.927402,NA
1996-03-01,5,25,1.0186808,1.8559126
1996-04-01,5,25,1.0048895,1.6264073
1996-05-01,5,25,0.91293156,1.4734038
1996-06-01,5,25,0.7802147,0.93789154
1996-07-01,5,25,0.6586722,0.93789154
1996-08-01,5,25,0.6091654,0.93789154
1996-09-01,5,25,0.67666304,0.98889273
1996-10-01,5,25,0.86360854,1.2438985
1996-11-01,5,25,1.1283175,NA
1996-12-01,5,25,1.4046018,NA
1997-01-01,5,25,1.6255106,NA
1997-02-01,5,25,1.7488596,NA
1997-03-01,5,25,1.7667738,NA
1997-04-01,5,25,1.694915,NA
1997-05-01,5,25,1.5601283,NA
1997-06-01,5,25,1.3970093,NA
1997-07-01,5,25,1.2499413,0.93789154
1997-08-01,5,25,1.1684337,1.8049114
1997-09-01,5,25,1.1890354,1.8304119
1997-10-01,5,25,1.3154588,1.8559126
1997-11-01,5,25,1.5153219,NA
1997-12-01,5,25,1.7339835,NA
1998-01-01,5,25,1.9132929,NA
1998-02-01,5,25,2.0111961,NA
1998-03-01,5,25,2.0145748,NA
1998-04-01,5,25,1.9354818,1.8559126
1998-05-01,5,25,1.7989831,1.8049114
1998-06-01,5,25,1.6368803,1.3714014
1998-07-01,5,25,1.4881775,1.6264073
1998-08-01,5,25,1.3960265,1.3714014
1998-09-01,5,25,1.3932589,1.6264073
1998-10-01,5,25,1.4847767,1.8559126
1998-11-01,5,25,1.6439178,NA
1998-12-01,5,25,1.8244464,NA
1999-01-01,5,25,1.9763963,NA
1999-02-01,5,25,2.060857,NA
1999-03-01,5,25,2.0619116,1.8559126
1999-04-01,5,25,1.9869804,1.8559126
1999-05-01,5,25,1.8572199,1.7284096
1999-06-01,5,25,1.7009047,0.93789154
1999-07-01,5,25,1.553226,1.2438985
1999-08-01,5,25,1.4539967,1.3714014
1999-09-01,5,25,1.4346509,1.8559126
1999-10-01,5,25,1.5014427,1.8559126
1999-11-01,5,25,1.6316283,NA
1999-12-01,5,25,1.7845747,NA
2000-01-01,5,25,1.9160771,NA
2000-02-01,5,25,1.9901474,NA
2000-03-01,5,25,1.9890252,1.5499055
2000-04-01,5,25,1.9156814,1.5499055
2000-05-01,5,25,1.7873015,1.5499055
2000-06-01,5,25,1.6294843,1.4734038
2000-07-01,5,25,1.475744,1.4734038
2000-08-01,5,25,1.3653159,1.5499055
2000-09-01,5,25,1.3301606,1.3714014
2000-10-01,5,25,1.3777832,1.4479032
2000-11-01,5,25,1.4872998,NA
2000-12-01,5,25,1.6206591,NA
2001-01-01,5,25,1.7367289,NA
2001-02-01,5,25,1.8012443,NA
2001-03-01,5,25,1.7946031,NA
2001-04-01,5,25,1.7154249,1.5499055
2001-05-01,5,25,1.5772308,1.0398939
2001-06-01,5,25,1.4044263,1.4989043
2001-07-01,5,25,1.2320805,1.3969021
2001-08-01,5,25,1.1027821,1.5499055
2001-09-01,5,25,1.0510873,1.4479032
2001-10-01,5,25,1.0846715,1.5499055
2001-11-01,5,25,1.1813543,NA
2001-12-01,5,25,1.3021368,NA
2002-01-01,5,25,1.4062304,NA
2002-02-01,5,25,1.4599248,NA
2002-03-01,5,25,1.442071,NA
2002-04-01,5,25,1.3475177,1.5499055
2002-05-01,5,25,1.1868014,1.4989043
2002-06-01,5,25,0.9852261,0.93789154
2002-07-01,5,25,0.78319544,0.8358892
2002-08-01,5,25,0.6293111,0.47888106
2002-09-01,5,25,0.5597247,0.47888106
2002-10-01,5,25,0.5794253,0.7083863
2002-11-01,5,25,0.6626971,NA
2002-12-01,5,25,0.76840013,NA
2003-01-01,5,25,0.85557854,NA
2003-02-01,5,25,0.8914168,NA
2003-03-01,5,25,0.85463166,0.7593875
2003-04-01,5,25,0.7381239,0.4023793
2003-05-01,5,25,0.55123085,0.6318846
2003-06-01,5,25,0.32192346,0.19837466
2003-07-01,5,25,0.09552718,0.12187291
2003-08-01,5,25,-0.0781283,-0.82164866
2003-09-01,5,25,-0.16611522,-0.82164866
2003-10-01,5,25,-0.1658507,-0.82164866
2003-11-01,5,25,-0.10245059,NA
2003-12-01,5,25,-0.0150873,NA
2004-01-01,5,25,0.05735432,NA
2004-02-01,5,25,0.0840914,NA
2004-03-01,5,25,0.04521734,0.17287408
2004-04-01,5,25,-0.06617253,0.07087174
2004-05-01,5,25,-0.24111459,-0.82164866
2004-06-01,5,25,-0.4527814,-0.82164866
2004-07-01,5,25,-0.65989673,-0.82164866
2004-08-01,5,25,-0.818764,-0.82164866
2004-09-01,5,25,-0.89856774,-0.82164866
2004-10-01,5,25,-0.8911571,-0.82164866
2004-11-01,5,25,-0.81242776,NA
2004-12-01,5,25,-0.6956856,NA
2005-01-01,5,25,-0.5796793,NA
2005-02-01,5,25,-0.49830154,NA
2005-03-01,5,25,-0.47541934,NA
2005-04-01,5,25,-0.52206695,-0.82164866
2005-05-01,5,25,-0.63370705,NA
2005-06-01,5,25,-0.7883452,-0.82164866
2005-07-01,5,25,-0.9485851,-0.82164866
2005-08-01,5,25,-1.0708207,-0.82164866
2005-09-01,5,25,-1.1199187,-0.82164866
2005-10-01,5,25,-1.0824176,-0.82164866
2005-11-01,5,25,-0.9719888,NA
2005-12-01,5,25,-0.8235388,NA
2006-01-01,5,25,-0.678633,NA
2006-02-01,5,25,-0.5731609,NA
2006-03-01,5,25,-0.5322286,-0.82164866
2006-04-01,5,25,-0.5676701,-0.82164866
2006-05-01,5,25,-0.6750879,-0.82164866
2006-06-01,5,25,-0.831228,-0.82164866
2006-07-01,5,25,-0.9950484,-0.82164866
2006-08-01,5,25,-1.1173452,-0.82164866
2006-09-01,5,25,-1.1583887,-0.82164866
2006-10-01,5,25,-1.1044474,-0.82164866
2006-11-01,5,25,-0.97356194,NA
2006-12-01,5,25,-0.8059846,NA
2007-01-01,5,25,-0.6463022,NA
2007-02-01,5,25,-0.5317822,NA
2007-03-01,5,25,-0.48896414,-0.82164866
2007-04-01,5,25,-0.5310344,-0.82164866
2007-05-01,5,25,-0.6533267,-0.82164866
2007-06-01,5,25,-0.8289634,-0.82164866
2007-07-01,5,25,-1.0096546,-0.82164866
2007-08-01,5,25,-1.1384395,-0.82164866
2007-09-01,5,25,-1.1719937,-0.82164866
2007-10-01,5,25,-1.098911,-0.82164866
2007-11-01,5,25,-0.94290316,NA
2007-12-01,5,25,-0.74909717,NA
2008-01-01,5,25,-0.5651145,NA
2008-02-01,5,25,-0.43123305,NA
2008-03-01,5,25,-0.37769178,-0.82164866
2008-04-01,5,25,-0.41999438,-0.82164866
2008-05-01,5,25,-0.55170083,-0.82164866
2008-06-01,5,25,-0.73914886,-0.82164866
2008-07-01,5,25,-0.9239496,-0.82164866
2008-08-01,5,25,-1.0392748,-0.82164866
2008-09-01,5,25,-1.0367408,-0.82164866
2008-10-01,5,25,-0.9089896,-0.82164866
2008-11-01,5,25,-0.6913401,NA
2008-12-01,5,25,-0.4393873,NA
2009-01-01,5,25,-0.20482965,NA
2009-02-01,5,25,-0.02930938,NA
2009-03-01,5,25,0.05546197,NA
2009-04-01,5,25,0.03419853,1.2438985
2009-05-01,5,25,-0.08383271,1.3204002
2009-06-01,5,25,-0.2595916,-0.82164866
2009-07-01,5,25,-0.42547333,-0.82164866
2009-08-01,5,25,-0.5033599,-0.82164866
2009-09-01,5,25,-0.443149,-0.82164866
2009-10-01,5,25,-0.25293958,-0.82164866
2009-11-01,5,25,0.01383749,NA
2009-12-01,5,25,0.29704517,NA
2010-01-01,5,25,0.5498298,NA
2010-02-01,5,25,0.73306924,NA
2010-03-01,5,25,0.8144537,1.2438985
2010-04-01,5,25,0.77890366,1.2438985
2010-05-01,5,25,0.6367178,0.27487642
2010-06-01,5,25,0.4283917,0.37687874
2010-07-01,5,25,0.22757235,0.35137814
2010-08-01,5,25,0.12470367,0.35137814
2010-09-01,5,25,0.17773151,0.27487642
2010-10-01,5,25,0.3718853,0.35137814
2010-11-01,5,25,0.640268,NA
2010-12-01,5,25,0.9159111,NA
2011-01-01,5,25,1.1530337,NA
2011-02-01,5,25,1.3152461,NA
2011-03-01,5,25,1.3718454,NA
2011-04-01,5,25,1.3080529,1.5499055
2011-05-01,5,25,1.13276,1.524405
2011-06-01,5,25,0.8836275,0.8868904
2011-07-01,5,25,0.6348224,0.47888106
2011-08-01,5,25,0.48528692,0.47888106
2011-09-01,5,25,0.50075924,1.2948997
2011-10-01,5,25,0.66206324,1.4989043
2011-11-01,5,25,0.8881196,NA
2011-12-01,5,25,1.1023628,NA
2012-01-01,5,25,1.2595236,NA
2012-02-01,5,25,1.331441,NA
2012-03-01,5,25,1.2980276,1.5499055
2012-04-01,5,25,1.1502197,1.5499055
2012-05-01,5,25,0.89613926,0.96339214
2012-06-01,5,25,0.5760926,0.47888106
2012-07-01,5,25,0.2782393,0.12187291
2012-08-01,5,25,0.10371748,0.17287408
2012-09-01,5,25,0.09093128,-0.82164866
2012-10-01,5,25,0.20244119,-0.82164866
2012-11-01,5,25,0.3750282,NA
2012-12-01,5,25,0.5553958,NA
2013-01-01,5,25,0.70082897,NA
2013-02-01,5,25,0.7781654,NA
2013-03-01,5,25,0.76716554,NA
2013-04-01,5,25,0.6641311,NA
2013-05-01,5,25,0.4864366,0.8358892
2013-06-01,5,25,0.27793807,0.27487642
2013-07-01,5,25,0.10372453,0.27487642
2013-08-01,5,25,0.02233495,0.27487642
2013-09-01,5,25,0.05481989,0.17287408
2013-10-01,5,25,0.18140566,0.17287408
2013-11-01,5,25,0.36119384,NA
2013-12-01,5,25,0.5502749,NA
2014-01-01,5,25,0.7092531,NA
2014-02-01,5,25,0.8063877,NA
2014-03-01,5,25,0.82065654,1.3204002
2014-04-01,5,25,0.74463,1.524405
2014-05-01,5,25,0.58844393,1.1673968
2014-06-01,5,25,0.38610023,0.17287408
2014-07-01,5,25,0.19706436,0.07087174
2014-08-01,5,25,0.08623013,-0.69414574
2014-09-01,5,25,0.0861195,-0.82164866
2014-10-01,5,25,0.18224788,-0.82164866
2014-11-01,5,25,0.33381554,NA
2014-12-01,5,25,0.49722,NA
2015-01-01,5,25,0.63512456,NA
2015-02-01,5,25,0.7183881,NA
2015-03-01,5,25,0.72796845,0.7083863
2015-04-01,5,25,0.6577005,1.5499055
2015-05-01,5,25,0.51840174,0.8103886
2015-06-01,5,25,0.34261337,0.4533805
2015-07-01,5,25,0.18232882,0.22387524
2015-08-01,5,25,0.08937242,0.6828857
2015-09-01,5,25,0.08801499,0.22387524
2015-10-01,5,25,0.16609952,0.22387524
2015-11-01,5,25,0.2891438,NA
2015-12-01,5,25,0.41843605,NA
1984-01-01,3,14,0.16167063,NA
1984-02-01,3,14,0.38299143,NA
1984-03-01,3,14,0.32410115,NA
1984-04-01,3,14,0.07257611,NA
1984-05-01,3,14,-0.26032335,NA
1984-06-01,3,14,-0.58575064,NA
1984-07-01,3,14,-0.78675115,NA
1984-08-01,3,14,-0.76951706,NA
1984-09-01,3,14,-0.550405,NA
1984-10-01,3,14,-0.21285433,NA
1984-11-01,3,14,0.15682505,NA
1984-12-01,3,14,0.47279322,NA
1985-01-01,3,14,0.65955985,NA
1985-02-01,3,14,0.66307443,NA
1985-03-01,3,14,0.47551966,NA
1985-04-01,3,14,0.14411923,NA
1985-05-01,3,14,-0.24994217,NA
1985-06-01,3,14,-0.6039278,NA
1985-07-01,3,14,-0.8004346,-0.48710555
1985-08-01,3,14,-0.7604154,NA
1985-09-01,3,14,-0.49452108,NA
1985-10-01,3,14,-0.09337669,NA
1985-11-01,3,14,0.32416862,NA
1985-12-01,3,14,0.6593613,NA
1986-01-01,3,14,0.83282053,NA
1986-02-01,3,14,0.7945011,NA
1986-03-01,3,14,0.560045,NA
1986-04-01,3,14,0.18822132,0.31640843
1986-05-01,3,14,-0.25180906,-0.5816366
1986-06-01,3,14,-0.6586891,-0.6643513
1986-07-01,3,14,-0.8725264,-1.0070263
1986-08-01,3,14,-0.7760084,-1.0070263
1986-09-01,3,14,-0.39735204,NA
1986-10-01,3,14,0.12294319,NA
1986-11-01,3,14,0.6198432,NA
1986-12-01,3,14,0.9827868,NA
1987-01-01,3,14,1.142396,NA
1987-02-01,3,14,1.0632901,NA
1987-03-01,3,14,0.7813152,NA
1987-04-01,3,14,0.36752695,0.6236344
1987-05-01,3,14,-0.11696455,0.6236344
1987-06-01,3,14,-0.56869143,-0.5816366
1987-07-01,3,14,-0.80507565,NA
1987-08-01,3,14,-0.7171393,-0.67616767
1987-09-01,3,14,-0.33417517,-0.36894172
1987-10-01,3,14,0.20282763,NA
1987-11-01,3,14,0.7020579,NA
1987-12-01,3,14,1.0692726,NA
1988-01-01,3,14,1.2481571,NA
1988-02-01,3,14,1.1882869,NA
1988-03-01,3,14,0.9086019,NA
1988-04-01,3,14,0.47441643,NA
1988-05-01,3,14,-0.04965811,0.42275587
1988-06-01,3,14,-0.5486832,-1.0070263
1988-07-01,3,14,-0.8334821,-1.0542918
1988-08-01,3,14,-0.7922034,-1.0542918
1988-09-01,3,14,-0.43211353,NA
1988-10-01,3,14,0.1016838,0.44638863
1988-11-01,3,14,0.59628683,NA
1988-12-01,3,14,0.9667109,NA
1989-01-01,3,14,1.162585,NA
1989-02-01,3,14,1.1291693,NA
1989-03-01,3,14,0.8713769,NA
1989-04-01,3,14,0.44147813,NA
1989-05-01,3,14,-0.09945436,0.38730672
1989-06-01,3,14,-0.63115925,NA
1989-07-01,3,14,-0.95059013,-0.68798405
1989-08-01,3,14,-0.9294733,-1.0542918
1989-09-01,3,14,-0.56990784,-1.0542918
1989-10-01,3,14,-0.034579,0.03281527
1989-11-01,3,14,0.4649151,NA
1989-12-01,3,14,0.8426368,NA
1990-01-01,3,14,1.0476018,NA
1990-02-01,3,14,1.0252929,NA
1990-03-01,3,14,0.77236146,NA
1990-04-01,3,14,0.32879287,NA
1990-05-01,3,14,-0.24675882,NA
1990-06-01,3,14,-0.8144638,NA
1990-07-01,3,14,-1.1594262,-1.0542918
1990-08-01,3,14,-1.1448009,-1.0542918
1990-09-01,3,14,-0.78550005,-0.54618746
1990-10-01,3,14,-0.25627738,-0.34530896
1990-11-01,3,14,0.23591883,NA
1990-12-01,3,14,0.6017949,NA
1991-01-01,3,14,0.7964661,NA
1991-02-01,3,14,0.76815367,NA
1991-03-01,3,14,0.49982494,NA
1991-04-01,3,14,0.01625805,NA
1991-05-01,3,14,-0.61935735,NA
1991-06-01,3,14,-1.2338923,NA
1991-07-01,3,14,-1.5957291,-0.95976084
1991-08-01,3,14,-1.5600936,-0.9124953
1991-09-01,3,14,-1.151974,NA
1991-10-01,3,14,-0.56431925,NA
1991-11-01,3,14,-0.02277309,NA
1991-12-01,3,14,0.37195903,NA
1992-01-01,3,14,0.59073997,NA
1992-02-01,3,14,0.59475523,NA
1992-03-01,3,14,0.35987234,NA
1992-04-01,3,14,-0.09872179,NA
1992-05-01,3,14,-0.71237195,NA
1992-06-01,3,14,-1.291245,NA
1992-07-01,3,14,-1.5800023,-2.5786052
1992-08-01,3,14,-1.4203154,-1.8578058
1992-09-01,3,14,-0.86679465,-1.4442325
1992-10-01,3,14,-0.17273,1.6516596
1992-11-01,3,14,0.41532606,NA
1992-12-01,3,14,0.8307676,NA
1993-01-01,3,14,1.0551375,NA
1993-02-01,3,14,1.0597273,NA
1993-03-01,3,14,0.83338636,NA
1993-04-01,3,14,0.4012832,1.6516596
1993-05-01,3,14,-0.16956805,1.4035156
1993-06-01,3,14,-0.71477246,-0.48710555
1993-07-01,3,14,-0.9923302,NA
1993-08-01,3,14,-0.86051637,-0.5107383
1993-09-01,3,14,-0.3814265,-0.5816366
1993-10-01,3,14,0.2256589,NA
1993-11-01,3,14,0.76527387,NA
1993-12-01,3,14,1.1522654,NA
1994-01-01,3,14,1.3456059,NA
1994-02-01,3,14,1.3180288,NA
1994-03-01,3,14,1.0684556,NA
1994-04-01,3,14,0.61550546,NA
1994-05-01,3,14,0.00720957,NA
1994-06-01,3,14,-0.6047923,NA
1994-07-01,3,14,-0.9588808,NA
1994-08-01,3,14,-0.88710904,NA
1994-09-01,3,14,-0.43509603,-0.62890214
1994-10-01,3,14,0.17778449,NA
1994-11-01,3,14,0.73855495,NA
1994-12-01,3,14,1.1471486,NA
1995-01-01,3,14,1.3512342,NA
1995-02-01,3,14,1.321008,NA
1995-03-01,3,14,1.0656054,NA
1995-04-01,3,14,0.6054617,NA
1995-05-01,3,14,-0.02622792,NA
1995-06-01,3,14,-0.6796304,NA
1995-07-01,3,14,-1.0624641,NA
1995-08-01,3,14,-0.9847443,NA
1995-09-01,3,14,-0.49090427,NA
1995-10-01,3,14,0.17145723,NA
1995-11-01,3,14,0.7681441,NA
1995-12-01,3,14,1.1958513,NA
1996-01-01,3,14,1.4039861,NA
1996-02-01,3,14,1.3683527,NA
1996-03-01,3,14,1.1057032,NA
1996-04-01,3,14,0.63646567,NA
1996-05-01,3,14,-0.01295201,NA
1996-06-01,3,14,-0.67948365,-0.5816366
1996-07-01,3,14,-1.055732,NA
1996-08-01,3,14,-0.9618242,-0.61708575
1996-09-01,3,14,-0.45410818,0.19824462
1996-10-01,3,14,0.2090091,0.9190439
1996-11-01,3,14,0.7985009,NA
1996-12-01,3,14,1.216112,NA
1997-01-01,3,14,1.4108546,NA
1997-02-01,3,14,1.3589027,NA
1997-03-01,3,14,1.0770158,NA
1997-04-01,3,14,0.5810177,NA
1997-05-01,3,14,-0.09890783,NA
1997-06-01,3,14,-0.76555574,-0.5225547
1997-07-01,3,14,-1.1109223,NA
1997-08-01,3,14,-0.9736875,-0.62890214
1997-09-01,3,14,-0.4364099,-0.5107383
1997-10-01,3,14,0.22881468,0.82451284
1997-11-01,3,14,0.8109257,NA
1997-12-01,3,14,1.223969,NA
1998-01-01,3,14,1.4157506,NA
1998-02-01,3,14,1.3608817,NA
1998-03-01,3,14,1.0767391,NA
1998-04-01,3,14,0.57943016,1.013575
1998-05-01,3,14,-0.09333752,-0.00263388
1998-06-01,3,14,-0.73090965,-1.1960884
1998-07-01,3,14,-1.0276947,-1.0779246
1998-08-01,3,14,-0.8502184,-1.0542918
1998-09-01,3,14,-0.30612615,-0.54618746
1998-10-01,3,14,0.3487858,-0.08534855
1998-11-01,3,14,0.92547953,NA
1998-12-01,3,14,1.3403826,NA
1999-01-01,3,14,1.5327044,NA
1999-02-01,3,14,1.4758766,NA
1999-03-01,3,14,1.1945308,NA
1999-04-01,3,14,0.711709,NA
1999-05-01,3,14,0.07007658,NA
1999-06-01,3,14,-0.5342205,-0.62890214
1999-07-01,3,14,-0.79923165,-0.55800384
1999-08-01,3,14,-0.6064762,-0.74706596
1999-09-01,3,14,-0.07092444,-0.42802364
1999-10-01,3,14,0.57373434,0.8363292
1999-11-01,3,14,1.1464306,NA
1999-12-01,3,14,1.5626822,NA
2000-01-01,3,14,1.7549933,NA
2000-02-01,3,14,1.6973348,NA
2000-03-01,3,14,1.4215679,NA
2000-04-01,3,14,0.95695657,2.0888658
2000-05-01,3,14,0.3429039,-0.14443046
2000-06-01,3,14,-0.24995166,-0.36894172
2000-07-01,3,14,-0.5289507,-1.3142523
2000-08-01,3,14,-0.36020797,-0.7116168
2000-09-01,3,14,0.14979057,0.69453263
2000-10-01,3,14,0.7736649,1.2735354
2000-11-01,3,14,1.3293822,NA
2000-12-01,3,14,1.7332367,NA
2001-01-01,3,14,1.9185641,NA
2001-02-01,3,14,1.8586547,NA
2001-03-01,3,14,1.583987,NA
2001-04-01,3,14,1.1231173,2.006151
2001-05-01,3,14,0.50797236,1.0490241
2001-06-01,3,14,-0.10606936,-0.01445026
2001-07-01,3,14,-0.42754388,-0.7352496
2001-08-01,3,14,-0.30375105,-0.40439087
2001-09-01,3,14,0.17666331,0.6590835
2001-10-01,3,14,0.7846291,0.8008801
2001-11-01,3,14,1.3282796,NA
2001-12-01,3,14,1.7243085,NA
2002-01-01,3,14,1.9132717,NA
2002-02-01,3,14,1.8633552,NA
2002-03-01,3,14,1.5939243,NA
2002-04-01,3,14,1.1269777,1.5689449
2002-05-01,3,14,0.48910457,1.1671879
2002-06-01,3,14,-0.1621348,-0.48710555
2002-07-01,3,14,-0.52611166,-0.4516564
2002-08-01,3,14,-0.4394797,-0.28622705
2002-09-01,3,14,0.02766734,-0.28622705
2002-10-01,3,14,0.63912356,NA
2002-11-01,3,14,1.1883075,NA
2002-12-01,3,14,1.5900484,NA
2003-01-01,3,14,1.7917762,NA
2003-02-01,3,14,1.7572514,NA
2003-03-01,3,14,1.4930464,NA
2003-04-01,3,14,1.011982,1.3680664
2003-05-01,3,14,0.3388484,1.4271483
2003-06-01,3,14,-0.35124487,-0.62890214
2003-07-01,3,14,-0.74458224,-1.0424755
2003-08-01,3,14,-0.6763992,-0.6052694
2003-09-01,3,14,-0.19959378,-0.40439087
2003-10-01,3,14,0.436936,0.82451284
2003-11-01,3,14,1.0100262,NA
2003-12-01,3,14,1.4325503,NA
2004-01-01,3,14,1.6552118,NA
2004-02-01,3,14,1.6384966,NA
2004-03-01,3,14,1.3800449,NA
2004-04-01,3,14,0.88666546,NA
2004-05-01,3,14,0.18661654,NA
2004-06-01,3,14,-0.5224073,-0.88886255
2004-07-01,3,14,-0.9164074,-0.48710555
2004-08-01,3,14,-0.832758,-0.36894172
2004-09-01,3,14,-0.3146532,-0.28622705
2004-10-01,3,14,0.36827287,NA
2004-11-01,3,14,0.9782585,NA
2004-12-01,3,14,1.4327394,NA
2005-01-01,3,14,1.6797109,NA
2005-02-01,3,14,1.6759686,NA
2005-03-01,3,14,1.4183915,NA
2005-04-01,3,14,0.9162799,2.0297837
2005-05-01,3,14,0.20164387,1.3326173
2005-06-01,3,14,-0.5163618,-1.2315376
2005-07-01,3,14,-0.8955031,-0.95976084
2005-08-01,3,14,-0.7709286,-0.95976084
2005-09-01,3,14,-0.1982483,-0.9715772
2005-10-01,3,14,0.5247796,NA
2005-11-01,3,14,1.1597949,NA
2005-12-01,3,14,1.6363673,NA
2006-01-01,3,14,1.8934758,NA
2006-02-01,3,14,1.8847674,NA
2006-03-01,3,14,1.6136428,NA
2006-04-01,3,14,1.0988171,2.0179675
2006-05-01,3,14,0.37385425,0.611818
2006-06-01,3,14,-0.3555807,-0.41620725
2006-07-01,3,14,-0.72695595,-0.61708575
2006-08-01,3,14,-0.57140535,-0.5816366
2006-09-01,3,14,0.03134409,0.3400412
2006-10-01,3,14,0.76505584,1.108106
2006-11-01,3,14,1.4015392,NA
2006-12-01,3,14,1.8788064,NA
2007-01-01,3,14,2.1298926,NA
2007-02-01,3,14,2.105984,NA
2007-03-01,3,14,1.815732,NA
2007-04-01,3,14,1.2871825,2.0179675
2007-05-01,3,14,0.55470717,1.1199224
2007-06-01,3,14,-0.18564557,-0.22714514
2007-07-01,3,14,-0.5647619,-0.87704617
2007-08-01,3,14,-0.4095459,-0.94794446
2007-09-01,3,14,0.18722446,0.6590835
2007-10-01,3,14,0.90803653,1.415332
2007-11-01,3,14,1.531645,NA
2007-12-01,3,14,1.9989827,NA
2008-01-01,3,14,2.2415082,NA
2008-02-01,3,14,2.2064223,NA
2008-03-01,3,14,1.9010577,NA
2008-04-01,3,14,1.3572371,NA
2008-05-01,3,14,0.6109612,1.1908207
2008-06-01,3,14,-0.14025505,-0.48710555
2008-07-01,3,14,-0.5293286,-0.5343711
2008-08-01,3,14,-0.38554898,-0.3925745
2008-09-01,3,14,0.19386052,-0.36894172
2008-10-01,3,14,0.893421,0.7654309
2008-11-01,3,14,1.4982408,NA
2008-12-01,3,14,1.9538518,NA
2009-01-01,3,14,2.189048,NA
2009-02-01,3,14,2.1464162,NA
2009-03-01,3,14,1.8281373,NA
2009-04-01,3,14,1.2636809,NA
2009-05-01,3,14,0.49398574,0.7181654
2009-06-01,3,14,-0.26104936,NA
2009-07-01,3,14,-0.63828635,-0.1798796
2009-08-01,3,14,-0.4790338,-0.9361281
2009-09-01,3,14,0.11123867,0.24551015
2009-10-01,3,14,0.8024203,0.41093948
2009-11-01,3,14,1.388649,NA
2009-12-01,3,14,1.8328627,NA
2010-01-01,3,14,2.0608408,NA
2010-02-01,3,14,2.0099962,NA
2010-03-01,3,14,1.6792632,NA
2010-04-01,3,14,1.0976229,1.013575
2010-05-01,3,14,0.31695557,0.95449305
2010-06-01,3,14,-0.4145347,-0.74706596
2010-07-01,3,14,-0.74280643,-0.74706596
2010-08-01,3,14,-0.51247877,-0.75888234
2010-09-01,3,14,0.15161316,0.23369376
2010-10-01,3,14,0.8677406,1.5216794
2010-11-01,3,14,1.4401405,NA
2010-12-01,3,14,1.8653088,NA
2011-01-01,3,14,2.0787756,NA
2011-02-01,3,14,2.0234137,NA
2011-03-01,3,14,1.694436,NA
2011-04-01,3,14,1.1180617,NA
2011-05-01,3,14,0.34797263,0.00918251
2011-06-01,3,14,-0.38239405,-0.5225547
2011-07-01,3,14,-0.71946466,-0.1798796
2011-08-01,3,14,-0.4663732,-0.15624684
2011-09-01,3,14,0.24238135,0.24551015
2011-10-01,3,14,0.9823051,1.9588856
2011-11-01,3,14,1.5079243,NA
2011-12-01,3,14,1.8190775,NA
2012-01-01,3,14,1.890096,NA
2012-02-01,3,14,1.7050785,NA
2012-03-01,3,14,1.2525275,NA
2012-04-01,3,14,0.50634295,1.6752924
2012-05-01,3,14,-0.48311636,-0.20351237
2012-06-01,3,14,-1.3536301,-2.295012
2012-07-01,3,14,-1.6565602,-1.9641533
2012-08-01,3,14,-1.3352876,-1.9641533
2012-09-01,3,14,-0.5587713,-0.14443046
2012-10-01,3,14,0.32859266,NA
2012-11-01,3,14,1.0795213,NA
2012-12-01,3,14,1.5872898,NA
2013-01-01,3,14,1.845704,NA
2013-02-01,3,14,1.8845123,NA
2013-03-01,3,14,1.7198733,NA
2013-04-01,3,14,1.3667228,NA
2013-05-01,3,14,0.8567851,NA
2013-06-01,3,14,0.3010282,0.35185757
2013-07-01,3,14,-0.01071084,-0.00263388
2013-08-01,3,14,0.15907234,-0.00263388
2013-09-01,3,14,0.69893616,0.3400412
2013-10-01,3,14,1.332235,1.9943347
2013-11-01,3,14,1.8839529,NA
2013-12-01,3,14,2.2557247,NA
2014-01-01,3,14,2.4190567,NA
2014-02-01,3,14,2.3806627,NA
2014-03-01,3,14,2.1502736,NA
2014-04-01,3,14,1.742445,2.1124985
2014-05-01,3,14,1.1819819,1.8998036
2014-06-01,3,14,0.5649814,0.3400412
2014-07-01,3,14,0.17787743,-0.03808302
2014-08-01,3,14,0.29947245,0.02099889
2014-09-01,3,14,0.8176849,1.2971681
2014-10-01,3,14,1.4039419,1.9943347
2014-11-01,3,14,1.8814393,NA
2014-12-01,3,14,2.1821558,NA
2015-01-01,3,14,2.275954,NA
2015-02-01,3,14,2.167452,NA
2015-03-01,3,14,1.8734136,NA
2015-04-01,3,14,1.401618,1.8879873
2015-05-01,3,14,0.77928954,-0.5816366
2015-06-01,3,14,0.19511794,-0.06171579
2015-07-01,3,14,-0.01087398,-0.08534855
2015-08-01,3,14,0.26508683,-0.07353217
2015-09-01,3,14,0.775933,1.0017586
2015-10-01,3,14,1.253903,1.4507811
2015-11-01,3,14,1.605544,NA
2015-12-01,3,14,1.7975882,NA
1984-01-01,6,36,2.70E-01,NA
1984-02-01,6,36,5.87E-01,NA
1984-03-01,6,36,6.51E-01,NA
1984-04-01,6,36,5.81E-01,0.46567473
1984-05-01,6,36,4.16E-01,0.28801373
1984-06-01,6,36,2.24E-01,0.33242896
1984-07-01,6,36,9.88E-02,0.40151936
1984-08-01,6,36,1.04E-01,0.41632444
1984-09-01,6,36,2.28E-01,0.4113894
1984-10-01,6,36,4.21E-01,0.515025
1984-11-01,6,36,6.22E-01,NA
1984-12-01,6,36,7.79E-01,NA
1985-01-01,6,36,8.55E-01,NA
1985-02-01,6,36,8.33E-01,NA
1985-03-01,6,36,7.21E-01,0.5298301
1985-04-01,6,36,5.37E-01,0.5298301
1985-05-01,6,36,3.10E-01,0.5446352
1985-06-01,6,36,8.86E-02,-1.0247036
1985-07-01,6,36,-6.55E-02,-0.00808795
1985-08-01,6,36,-1.00E-01,0.28801373
1985-09-01,6,36,8.76E-04,-1.0247036
1985-10-01,6,36,2.15E-01,0.5298301
1985-11-01,6,36,4.89E-01,NA
1985-12-01,6,36,7.58E-01,NA
1986-01-01,6,36,9.52E-01,NA
1986-02-01,6,36,1.02E+00,NA
1986-03-01,6,36,9.76E-01,NA
1986-04-01,6,36,8.34E-01,NA
1986-05-01,6,36,6.31E-01,0.4804798
1986-06-01,6,36,4.04E-01,0.29294875
1986-07-01,6,36,2.00E-01,0.29294875
1986-08-01,6,36,7.24E-02,0.29294875
1986-09-01,6,36,7.22E-02,NA
1986-10-01,6,36,2.11E-01,0.43112954
1986-11-01,6,36,4.50E-01,NA
1986-12-01,6,36,7.14E-01,NA
1987-01-01,6,36,9.15E-01,NA
1987-02-01,6,36,9.82E-01,NA
1987-03-01,6,36,9.02E-01,NA
1987-04-01,6,36,7.06E-01,0.5248951
1987-05-01,6,36,4.35E-01,0.31268886
1987-06-01,6,36,1.27E-01,0.31268886
1987-07-01,6,36,-1.60E-01,0.31268886
1987-08-01,6,36,-3.44E-01,0.40151936
1987-09-01,6,36,-3.62E-01,0.36697417
1987-10-01,6,36,-2.16E-01,0.51009
1987-11-01,6,36,3.28E-02,NA
1987-12-01,6,36,2.82E-01,NA
1988-01-01,6,36,4.47E-01,NA
1988-02-01,6,36,4.70E-01,NA
1988-03-01,6,36,3.30E-01,NA
1988-04-01,6,36,5.17E-02,0.34229904
1988-05-01,6,36,-3.17E-01,0.159703
1988-06-01,6,36,-7.14E-01,0.13502786
1988-07-01,6,36,-1.07E+00,-2.174565
1988-08-01,6,36,-1.30E+00,-2.4410567
1988-09-01,6,36,-1.36E+00,-2.4410567
1988-10-01,6,36,-1.25E+00,-2.4410567
1988-11-01,6,36,-1.03E+00,NA
1988-12-01,6,36,-8.20E-01,NA
1989-01-01,6,36,-6.97E-01,NA
1989-02-01,6,36,-6.96E-01,NA
1989-03-01,6,36,-8.38E-01,NA
1989-04-01,6,36,-1.11E+00,-0.03276309
1989-05-01,6,36,-1.47E+00,-0.6595116
1989-06-01,6,36,-1.87E+00,-2.4262516
1989-07-01,6,36,-2.24E+00,-2.4410567
1989-08-01,6,36,-2.49E+00,-2.4410567
1989-09-01,6,36,-2.53E+00,-2.4410567
1989-10-01,6,36,-2.40E+00,-2.4410567
1989-11-01,6,36,-2.19E+00,NA
1989-12-01,6,36,-1.98E+00,NA
1990-01-01,6,36,-1.85E+00,NA
1990-02-01,6,36,-1.80E+00,NA
1990-03-01,6,36,-1.86E+00,-2.4410567
1990-04-01,6,36,-2.00E+00,-2.4410567
1990-05-01,6,36,-2.20E+00,-2.4410567
1990-06-01,6,36,-2.41E+00,-2.4410567
1990-07-01,6,36,-2.57E+00,-2.4410567
1990-08-01,6,36,-2.64E+00,-2.4410567
1990-09-01,6,36,-2.59E+00,-2.4410567
1990-10-01,6,36,-2.44E+00,-2.4410567
1990-11-01,6,36,-2.25E+00,NA
1990-12-01,6,36,-2.06E+00,NA
1991-01-01,6,36,-1.91E+00,NA
1991-02-01,6,36,-1.82E+00,NA
1991-03-01,6,36,-1.81E+00,-2.4410567
1991-04-01,6,36,-1.87E+00,-2.4410567
1991-05-01,6,36,-1.98E+00,-2.4410567
1991-06-01,6,36,-2.11E+00,-2.4410567
1991-07-01,6,36,-2.22E+00,-2.4410567
1991-08-01,6,36,-2.26E+00,-2.4410567
1991-09-01,6,36,-2.22E+00,-2.4410567
1991-10-01,6,36,-2.09E+00,-2.4410567
1991-11-01,6,36,-1.91E+00,NA
1991-12-01,6,36,-1.73E+00,NA
1992-01-01,6,36,-1.59E+00,NA
1992-02-01,6,36,-1.51E+00,NA
1992-03-01,6,36,-1.52E+00,NA
1992-04-01,6,36,-1.60E+00,NA
1992-05-01,6,36,-1.75E+00,-0.5114608
1992-06-01,6,36,-1.93E+00,NA
1992-07-01,6,36,-2.07E+00,-2.16963
1992-08-01,6,36,-2.12E+00,-2.0166442
1992-09-01,6,36,-2.02E+00,-1.9524889
1992-10-01,6,36,-1.78E+00,-1.9475539
1992-11-01,6,36,-1.47E+00,NA
1992-12-01,6,36,-1.16E+00,NA
1993-01-01,6,36,-9.29E-01,NA
1993-02-01,6,36,-7.84E-01,NA
1993-03-01,6,36,-7.32E-01,NA
1993-04-01,6,36,-7.59E-01,-0.66444665
1993-05-01,6,36,-8.33E-01,-0.8075625
1993-06-01,6,36,-9.09E-01,-1.5675567
1993-07-01,6,36,-9.34E-01,-1.5675567
1993-08-01,6,36,-8.59E-01,-1.5675567
1993-09-01,6,36,-6.70E-01,-0.6545766
1993-10-01,6,36,-4.00E-01,-0.20548905
1993-11-01,6,36,-1.07E-01,NA
1993-12-01,6,36,1.52E-01,NA
1994-01-01,6,36,3.31E-01,NA
1994-02-01,6,36,4.12E-01,NA
1994-03-01,6,36,4.00E-01,NA
1994-04-01,6,36,3.17E-01,0.21892333
1994-05-01,6,36,1.94E-01,0.21892333
1994-06-01,6,36,6.79E-02,-0.05743822
1994-07-01,6,36,-1.49E-02,-0.21535912
1994-08-01,6,36,-1.41E-02,-0.20548905
1994-09-01,6,36,8.41E-02,0.27320865
1994-10-01,6,36,2.58E-01,0.5248951
1994-11-01,6,36,4.62E-01,NA
1994-12-01,6,36,6.44E-01,NA
1995-01-01,6,36,7.62E-01,NA
1995-02-01,6,36,7.93E-01,NA
1995-03-01,6,36,7.41E-01,NA
1995-04-01,6,36,6.26E-01,NA
1995-05-01,6,36,4.75E-01,0.47060975
1995-06-01,6,36,3.28E-01,0.1942482
1995-07-01,6,36,2.27E-01,NA
1995-08-01,6,36,2.10E-01,0.1942482
1995-09-01,6,36,2.86E-01,0.3028188
1995-10-01,6,36,4.34E-01,0.51009
1995-11-01,6,36,6.10E-01,NA
1995-12-01,6,36,7.65E-01,NA
1996-01-01,6,36,8.59E-01,NA
1996-02-01,6,36,8.73E-01,NA
1996-03-01,6,36,8.08E-01,NA
1996-04-01,6,36,6.85E-01,0.53970015
1996-05-01,6,36,5.31E-01,0.48541483
1996-06-01,6,36,3.84E-01,0.27814367
1996-07-01,6,36,2.86E-01,0.20411825
1996-08-01,6,36,2.71E-01,0.20411825
1996-09-01,6,36,3.43E-01,0.25840357
1996-10-01,6,36,4.79E-01,0.51009
1996-11-01,6,36,6.37E-01,NA
1996-12-01,6,36,7.72E-01,NA
1997-01-01,6,36,8.50E-01,NA
1997-02-01,6,36,8.54E-01,NA
1997-03-01,6,36,7.86E-01,NA
1997-04-01,6,36,6.64E-01,NA
1997-05-01,6,36,5.16E-01,0.45086965
1997-06-01,6,36,3.79E-01,0.34723407
1997-07-01,6,36,2.93E-01,0.4261945
1997-08-01,6,36,2.86E-01,0.41632444
1997-09-01,6,36,3.58E-01,0.4261945
1997-10-01,6,36,4.86E-01,0.51009
1997-11-01,6,36,6.29E-01,NA
1997-12-01,6,36,7.50E-01,NA
1998-01-01,6,36,8.17E-01,NA
1998-02-01,6,36,8.16E-01,NA
1998-03-01,6,36,7.50E-01,NA
1998-04-01,6,36,6.36E-01,0.5545052
1998-05-01,6,36,5.01E-01,0.5298301
1998-06-01,6,36,3.80E-01,0.5298301
1998-07-01,6,36,3.11E-01,0.42125946
1998-08-01,6,36,3.14E-01,0.4261945
1998-09-01,6,36,3.88E-01,0.43112954
1998-10-01,6,36,5.08E-01,0.5248951
1998-11-01,6,36,6.41E-01,NA
1998-12-01,6,36,7.50E-01,NA
1999-01-01,6,36,8.10E-01,NA
1999-02-01,6,36,8.08E-01,NA
1999-03-01,6,36,7.46E-01,NA
1999-04-01,6,36,6.42E-01,NA
1999-05-01,6,36,5.21E-01,0.51009
1999-06-01,6,36,4.16E-01,0.38177925
1999-07-01,6,36,3.59E-01,0.38177925
1999-08-01,6,36,3.67E-01,0.4113894
1999-09-01,6,36,4.36E-01,0.53970015
1999-10-01,6,36,5.46E-01,0.5298301
1999-11-01,6,36,6.64E-01,NA
1999-12-01,6,36,7.60E-01,NA
2000-01-01,6,36,8.11E-01,NA
2000-02-01,6,36,8.05E-01,NA
2000-03-01,6,36,7.46E-01,NA
2000-04-01,6,36,6.48E-01,0.7074911
2000-05-01,6,36,5.37E-01,0.515025
2000-06-01,6,36,4.41E-01,0.45086965
2000-07-01,6,36,3.88E-01,0.27814367
2000-08-01,6,36,3.93E-01,0.27814367
2000-09-01,6,36,4.54E-01,0.44593462
2000-10-01,6,36,5.49E-01,0.5248951
2000-11-01,6,36,6.52E-01,NA
2000-12-01,6,36,7.36E-01,NA
2001-01-01,6,36,7.79E-01,NA
2001-02-01,6,36,7.72E-01,NA
2001-03-01,6,36,7.16E-01,NA
2001-04-01,6,36,6.25E-01,0.6532058
2001-05-01,6,36,5.22E-01,0.4804798
2001-06-01,6,36,4.35E-01,0.39658433
2001-07-01,6,36,3.87E-01,0.42125946
2001-08-01,6,36,3.91E-01,0.40151936
2001-09-01,6,36,4.46E-01,0.45086965
2001-10-01,6,36,5.33E-01,0.515025
2001-11-01,6,36,6.28E-01,NA
2001-12-01,6,36,7.06E-01,NA
2002-01-01,6,36,7.47E-01,NA
2002-02-01,6,36,7.43E-01,NA
2002-03-01,6,36,6.94E-01,NA
2002-04-01,6,36,6.13E-01,0.51996005
2002-05-01,6,36,5.20E-01,0.51009
2002-06-01,6,36,4.41E-01,0.50515497
2002-07-01,6,36,4.00E-01,0.39658433
2002-08-01,6,36,4.07E-01,0.40151936
2002-09-01,6,36,4.59E-01,0.50515497
2002-10-01,6,36,5.41E-01,0.5298301
2002-11-01,6,36,6.31E-01,NA
2002-12-01,6,36,7.06E-01,NA
2003-01-01,6,36,7.47E-01,NA
2003-02-01,6,36,7.45E-01,NA
2003-03-01,6,36,7.02E-01,NA
2003-04-01,6,36,6.28E-01,0.7124261
2003-05-01,6,36,5.42E-01,0.5446352
2003-06-01,6,36,4.70E-01,0.4804798
2003-07-01,6,36,4.32E-01,0.40151936
2003-08-01,6,36,4.39E-01,0.4607397
2003-09-01,6,36,4.89E-01,0.4607397
2003-10-01,6,36,5.66E-01,0.5446352
2003-11-01,6,36,6.50E-01,NA
2003-12-01,6,36,7.21E-01,NA
2004-01-01,6,36,7.60E-01,NA
2004-02-01,6,36,7.60E-01,NA
2004-03-01,6,36,7.18E-01,NA
2004-04-01,6,36,6.47E-01,0.7124261
2004-05-01,6,36,5.65E-01,0.63346565
2004-06-01,6,36,4.94E-01,0.47554478
2004-07-01,6,36,4.56E-01,0.3916493
2004-08-01,6,36,4.62E-01,0.3521691
2004-09-01,6,36,5.08E-01,0.47060975
2004-10-01,6,36,5.80E-01,0.5298301
2004-11-01,6,36,6.60E-01,NA
2004-12-01,6,36,7.27E-01,NA
2005-01-01,6,36,7.64E-01,NA
2005-02-01,6,36,7.62E-01,NA
2005-03-01,6,36,7.20E-01,NA
2005-04-01,6,36,6.48E-01,0.7124261
2005-05-01,6,36,5.64E-01,0.5298301
2005-06-01,6,36,4.91E-01,0.50021994
2005-07-01,6,36,4.51E-01,0.4261945
2005-08-01,6,36,4.55E-01,0.48541483
2005-09-01,6,36,4.98E-01,0.48541483
2005-10-01,6,36,5.69E-01,0.5643753
2005-11-01,6,36,6.47E-01,NA
2005-12-01,6,36,7.13E-01,NA
2006-01-01,6,36,7.50E-01,NA
2006-02-01,6,36,7.47E-01,NA
2006-03-01,6,36,7.03E-01,NA
2006-04-01,6,36,6.28E-01,0.692686
2006-05-01,6,36,5.41E-01,0.61866057
2006-06-01,6,36,4.66E-01,0.43606457
2006-07-01,6,36,4.24E-01,0.47060975
2006-08-01,6,36,4.26E-01,0.32749394
2006-09-01,6,36,4.71E-01,0.4607397
2006-10-01,6,36,5.44E-01,0.6285306
2006-11-01,6,36,6.24E-01,NA
2006-12-01,6,36,6.94E-01,NA
2007-01-01,6,36,7.34E-01,NA
2007-02-01,6,36,7.33E-01,NA
2007-03-01,6,36,6.90E-01,NA
2007-04-01,6,36,6.14E-01,0.7124261
2007-05-01,6,36,5.24E-01,0.6384007
2007-06-01,6,36,4.46E-01,0.5841154
2007-07-01,6,36,4.02E-01,0.4409996
2007-08-01,6,36,4.05E-01,0.4952849
2007-09-01,6,36,4.52E-01,0.4952849
2007-10-01,6,36,5.28E-01,0.5298301
2007-11-01,6,36,6.13E-01,NA
2007-12-01,6,36,6.87E-01,NA
2008-01-01,6,36,7.33E-01,NA
2008-02-01,6,36,7.36E-01,NA
2008-03-01,6,36,6.95E-01,NA
2008-04-01,6,36,6.19E-01,0.7124261
2008-05-01,6,36,5.26E-01,0.50515497
2008-06-01,6,36,4.44E-01,0.4952849
2008-07-01,6,36,3.97E-01,0.4607397
2008-08-01,6,36,3.98E-01,0.38177925
2008-09-01,6,36,4.45E-01,0.3916493
2008-10-01,6,36,5.23E-01,0.47554478
2008-11-01,6,36,6.12E-01,NA
2008-12-01,6,36,6.90E-01,NA
2009-01-01,6,36,7.39E-01,NA
2009-02-01,6,36,7.45E-01,NA
2009-03-01,6,36,7.05E-01,NA
2009-04-01,6,36,6.26E-01,0.59892046
2009-05-01,6,36,5.27E-01,0.6038555
2009-06-01,6,36,4.37E-01,0.48541483
2009-07-01,6,36,3.82E-01,0.35710412
2009-08-01,6,36,3.78E-01,0.35710412
2009-09-01,6,36,4.22E-01,0.5446352
2009-10-01,6,36,5.00E-01,0.6038555
2009-11-01,6,36,5.89E-01,NA
2009-12-01,6,36,6.69E-01,NA
2010-01-01,6,36,7.20E-01,NA
2010-02-01,6,36,7.30E-01,NA
2010-03-01,6,36,6.94E-01,NA
2010-04-01,6,36,6.20E-01,0.6532058
2010-05-01,6,36,5.25E-01,0.6532058
2010-06-01,6,36,4.39E-01,0.47554478
2010-07-01,6,36,3.87E-01,0.3916493
2010-08-01,6,36,3.88E-01,0.38177925
2010-09-01,6,36,4.38E-01,0.5890504
2010-10-01,6,36,5.23E-01,0.59398544
2010-11-01,6,36,6.21E-01,NA
2010-12-01,6,36,7.11E-01,NA
2011-01-01,6,36,7.73E-01,NA
2011-02-01,6,36,7.97E-01,NA
2011-03-01,6,36,7.78E-01,NA
2011-04-01,6,36,7.21E-01,0.7124261
2011-05-01,6,36,6.43E-01,0.69762105
2011-06-01,6,36,5.69E-01,0.5693103
2011-07-01,6,36,5.23E-01,0.49034986
2011-08-01,6,36,5.22E-01,0.4409996
2011-09-01,6,36,5.62E-01,0.50021994
2011-10-01,6,36,6.27E-01,0.50021994
2011-11-01,6,36,6.93E-01,NA
2011-12-01,6,36,7.42E-01,NA
2012-01-01,6,36,7.56E-01,NA
2012-02-01,6,36,7.28E-01,NA
2012-03-01,6,36,6.59E-01,NA
2012-04-01,6,36,5.59E-01,0.692686
2012-05-01,6,36,4.51E-01,0.6038555
2012-06-01,6,36,3.60E-01,0.36697417
2012-07-01,6,36,3.10E-01,0.04619736
2012-08-01,6,36,3.10E-01,0.04619736
2012-09-01,6,36,3.55E-01,0.337364
2012-10-01,6,36,4.32E-01,NA
2012-11-01,6,36,5.22E-01,NA
2012-12-01,6,36,6.04E-01,NA
2013-01-01,6,36,6.64E-01,NA
2013-02-01,6,36,6.92E-01,NA
2013-03-01,6,36,6.84E-01,NA
2013-04-01,6,36,6.48E-01,NA
2013-05-01,6,36,5.95E-01,0.7124261
2013-06-01,6,36,5.46E-01,0.7025561
2013-07-01,6,36,5.18E-01,0.49034986
2013-08-01,6,36,5.22E-01,0.4409996
2013-09-01,6,36,5.57E-01,0.43606457
2013-10-01,6,36,6.15E-01,0.6729459
2013-11-01,6,36,6.79E-01,NA
2013-12-01,6,36,7.36E-01,NA
2014-01-01,6,36,7.71E-01,NA
2014-02-01,6,36,7.76E-01,NA
2014-03-01,6,36,7.49E-01,NA
2014-04-01,6,36,6.94E-01,0.692686
2014-05-01,6,36,6.24E-01,0.7025561
2014-06-01,6,36,5.58E-01,0.40151936
2014-07-01,6,36,5.14E-01,0.41632444
2014-08-01,6,36,5.01E-01,0.35710412
2014-09-01,6,36,5.21E-01,0.35710412
2014-10-01,6,36,5.65E-01,0.5248951
2014-11-01,6,36,6.17E-01,NA
2014-12-01,6,36,6.65E-01,NA
2015-01-01,6,36,6.94E-01,NA
2015-02-01,6,36,6.98E-01,NA
2015-03-01,6,36,6.74E-01,NA
2015-04-01,6,36,6.25E-01,0.6285306
2015-05-01,6,36,5.65E-01,0.6384007
2015-06-01,6,36,5.07E-01,0.49034986
2015-07-01,6,36,4.67E-01,0.49034986
2015-08-01,6,36,4.52E-01,0.46567473
2015-09-01,6,36,4.62E-01,0.41632444
2015-10-01,6,36,4.88E-01,NA
2015-11-01,6,36,5.18E-01,NA
2015-12-01,6,36,5.38E-01,NA
1984-01-01,4,26,0.54515564,NA
1984-02-01,4,26,0.8640462,NA
1984-03-01,4,26,0.9065207,NA
1984-04-01,4,26,0.7550214,NA
1984-05-01,4,26,0.50954103,NA
1984-06-01,4,26,0.25402087,NA
1984-07-01,4,26,0.07446828,NA
1984-08-01,4,26,0.06140263,NA
1984-09-01,4,26,0.2553406,NA
1984-10-01,4,26,0.5881092,NA
1984-11-01,4,26,0.9576229,NA
1984-12-01,4,26,1.2725993,NA
1985-01-01,4,26,1.4576707,NA
1985-02-01,4,26,1.446879,NA
1985-03-01,4,26,1.2304063,NA
1985-04-01,4,26,0.8602774,NA
1985-05-01,4,26,0.41482288,NA
1985-06-01,4,26,0.00397767,NA
1985-07-01,4,26,-0.21764596,NA
1985-08-01,4,26,-0.14634499,0.24984592
1985-09-01,4,26,0.18466811,0.5561897
1985-10-01,4,26,0.655818,0.65830433
1985-11-01,4,26,1.1196806,0.24984592
1985-12-01,4,26,1.4640467,NA
1986-01-01,4,26,1.6117493,NA
1986-02-01,4,26,1.5286717,NA
1986-03-01,4,26,1.2392739,1.5569128
1986-04-01,4,26,0.79434,1.1688772
1986-05-01,4,26,0.2549895,1.2097231
1986-06-01,4,26,-0.25456947,-1.3227189
1986-07-01,4,26,-0.5248072,-1.3635647
1986-08-01,4,26,-0.4443286,-0.97552925
1986-09-01,4,26,-0.07189666,0.57661265
1986-10-01,4,26,0.43999904,1.230146
1986-11-01,4,26,0.9258825,NA
1986-12-01,4,26,1.2840861,NA
1987-01-01,4,26,1.4569168,NA
1987-02-01,4,26,1.402199,NA
1987-03-01,4,26,1.1259905,NA
1987-04-01,4,26,0.67764986,NA
1987-05-01,4,26,0.12277445,1.0871856
1987-06-01,4,26,-0.4046195,-1.3635647
1987-07-01,4,26,-0.67396843,-1.3635647
1987-08-01,4,26,-0.56957877,NA
1987-09-01,4,26,-0.14870773,-1.0572209
1987-10-01,4,26,0.42264032,1.0259168
1987-11-01,4,26,0.95438546,NA
1987-12-01,4,26,1.3537548,NA
1988-01-01,4,26,1.5726645,NA
1988-02-01,4,26,1.569447,1.6181816
1988-03-01,4,26,1.3450348,1.6181816
1988-04-01,4,26,0.9427234,0.92380226
1988-05-01,4,26,0.42622507,0.9442252
1988-06-01,4,26,-0.09399384,-0.21988124
1988-07-01,4,26,-0.41035658,-0.26072708
1988-08-01,4,26,-0.36698586,-0.26072708
1988-09-01,4,26,0.01738309,NA
1988-10-01,4,26,0.5825842,0.82168764
1988-11-01,4,26,1.1284978,NA
1988-12-01,4,26,1.5472032,NA
1989-01-01,4,26,1.7796562,NA
1989-02-01,4,26,1.7808803,NA
1989-03-01,4,26,1.5613426,1.230146
1989-04-01,4,26,1.1711327,1.3118378
1989-05-01,4,26,0.669574,0.3315376
1989-06-01,4,26,0.15822986,NA
1989-07-01,4,26,-0.16509475,NA
1989-08-01,4,26,-0.14964062,NA
1989-09-01,4,26,0.20168868,0.5561897
1989-10-01,4,26,0.7465423,0.92380226
1989-11-01,4,26,1.2822323,0.8625335
1989-12-01,4,26,1.6919082,NA
1990-01-01,4,26,1.9157449,NA
1990-02-01,4,26,1.9079584,NA
1990-03-01,4,26,1.6817045,NA
1990-04-01,4,26,1.2883031,NA
1990-05-01,4,26,0.7827724,NA
1990-06-01,4,26,0.2680003,NA
1990-07-01,4,26,-0.0562103,0.3519605
1990-08-01,4,26,-0.05243966,-0.01565203
1990-09-01,4,26,0.27921218,-0.01565203
1990-10-01,4,26,0.8010173,0.9442252
1990-11-01,4,26,1.3107795,0.88295645
1990-12-01,4,26,1.6980376,NA
1991-01-01,4,26,1.9061575,NA
1991-02-01,4,26,1.8843355,-0.01565203
1991-03-01,4,26,1.6401875,NA
1991-04-01,4,26,1.2193762,1.3118378
1991-05-01,4,26,0.67279387,1.3118378
1991-06-01,4,26,0.11277103,0.5970355
1991-07-01,4,26,-0.24752828,0.4132293
1991-08-01,4,26,-0.26253662,-0.3832646
1991-09-01,4,26,0.07645972,NA
1991-10-01,4,26,0.6148701,0.57661265
1991-11-01,4,26,1.131296,NA
1991-12-01,4,26,1.5192096,NA
1992-01-01,4,26,1.7282667,NA
1992-02-01,4,26,1.7070055,NA
1992-03-01,4,26,1.4484556,NA
1992-04-01,4,26,0.98346055,NA
1992-05-01,4,26,0.36141267,0.5561897
1992-06-01,4,26,-0.27652708,NA
1992-07-01,4,26,-0.66999125,-1.3431418
1992-08-01,4,26,-0.62325376,-1.3431418
1992-09-01,4,26,-0.14408329,-1.3635647
1992-10-01,4,26,0.51848614,0.9442252
1992-11-01,4,26,1.1119643,0.8625335
1992-12-01,4,26,1.5421928,NA
1993-01-01,4,26,1.7737087,NA
1993-02-01,4,26,1.7724465,NA
1993-03-01,4,26,1.5410328,1.5569128
1993-04-01,4,26,1.117115,1.0667627
1993-05-01,4,26,0.5584983,1.0667627
1993-06-01,4,26,0.00841137,0.16815424
1993-07-01,4,26,-0.29783857,NA
1993-08-01,4,26,-0.21518551,-0.28114998
1993-09-01,4,26,0.2228721,0.92380226
1993-10-01,4,26,0.8142641,0.985071
1993-11-01,4,26,1.3506751,NA
1993-12-01,4,26,1.7389193,NA
1994-01-01,4,26,1.9376949,NA
1994-02-01,4,26,1.9205306,NA
1994-03-01,4,26,1.6959686,NA
1994-04-01,4,26,1.2947598,NA
1994-05-01,4,26,0.75789255,NA
1994-06-01,4,26,0.20634788,0.985071
1994-07-01,4,26,-0.13454497,0.31111467
1994-08-01,4,26,-0.11795004,NA
1994-09-01,4,26,0.23942214,NA
1994-10-01,4,26,0.7708902,NA
1994-11-01,4,26,1.2850317,NA
1994-12-01,4,26,1.6771185,NA
1995-01-01,4,26,1.8848945,NA
1995-02-01,4,26,1.8715681,NA
1995-03-01,4,26,1.6475315,1.5773357
1995-04-01,4,26,1.2419214,1.5773357
1995-05-01,4,26,0.68502516,1.5569128
1995-06-01,4,26,0.09237672,0.57661265
1995-07-01,4,26,-0.28601474,-0.15861247
1995-08-01,4,26,-0.26929215,-0.9959522
1995-09-01,4,26,0.12620215,-1.1184897
1995-10-01,4,26,0.703614,0.88295645
1995-11-01,4,26,1.2554165,1.4547982
1995-12-01,4,26,1.6726284,NA
1996-01-01,4,26,1.889952,NA
1996-02-01,4,26,1.8775592,NA
1996-03-01,4,26,1.6553228,NA
1996-04-01,4,26,1.2538941,1.5569128
1996-05-01,4,26,0.70193976,0.5561897
1996-06-01,4,26,0.11580959,0.57661265
1996-07-01,4,26,-0.2505706,0.5561897
1996-08-01,4,26,-0.21308066,-0.9551063
1996-09-01,4,26,0.19465423,-0.62833965
1996-10-01,4,26,0.764206,1.0259168
1996-11-01,4,26,1.2984315,1.3935294
1996-12-01,4,26,1.6937578,NA
1997-01-01,4,26,1.8890224,NA
1997-02-01,4,26,1.8617418,NA
1997-03-01,4,26,1.633926,1.475221
1997-04-01,4,26,1.2339604,1.495644
1997-05-01,4,26,0.6943618,1.495644
1997-06-01,4,26,0.13905048,-1.3635647
1997-07-01,4,26,-0.19169824,-1.3635647
1997-08-01,4,26,-0.13884991,-0.01565203
1997-09-01,4,26,0.24628285,NA
1997-10-01,4,26,0.76888835,NA
1997-11-01,4,26,1.2567065,NA
1997-12-01,4,26,1.6178843,NA
1998-01-01,4,26,1.794084,NA
1998-02-01,4,26,1.7592105,NA
1998-03-01,4,26,1.5294393,NA
1998-04-01,4,26,1.1310735,1.1484544
1998-05-01,4,26,0.6053183,NA
1998-06-01,4,26,0.08527796,0.5970355
1998-07-01,4,26,-0.20835853,NA
1998-08-01,4,26,-0.14518762,0.04561672
1998-09-01,4,26,0.21592481,0.4132293
1998-10-01,4,26,0.6964438,1.1484544
1998-11-01,4,26,1.1447572,NA
1998-12-01,4,26,1.4784786,NA
1999-01-01,4,26,1.6417884,NA
1999-02-01,4,26,1.6057985,1.5364898
1999-03-01,4,26,1.3799739,1.5569128
1999-04-01,4,26,0.988152,1.250569
1999-05-01,4,26,0.4781844,1.230146
1999-06-01,4,26,-0.01417196,0.5970355
1999-07-01,4,26,-0.28650713,0.08646256
1999-08-01,4,26,-0.22669187,0.39280635
1999-09-01,4,26,0.10908642,1.2097231
1999-10-01,4,26,0.55621254,1.230146
1999-11-01,4,26,0.9736968,1.4343753
1999-12-01,4,26,1.2839855,NA
2000-01-01,4,26,1.4355086,NA
2000-02-01,4,26,1.3982661,1.0259168
2000-03-01,4,26,1.1734536,NA
2000-04-01,4,26,0.7802273,0.9442252
2000-05-01,4,26,0.27215093,NA
2000-06-01,4,26,-0.20855497,-1.3635647
2000-07-01,4,26,-0.46919832,-1.3635647
2000-08-01,4,26,-0.409266,-0.21988124
2000-09-01,4,26,-0.08122682,-1.3635647
2000-10-01,4,26,0.3572611,-1.3635647
2000-11-01,4,26,0.767465,0.9442252
2000-12-01,4,26,1.0737691,NA
2001-01-01,4,26,1.2283885,NA
2001-02-01,4,26,1.2010477,1.1076086
2001-03-01,4,26,0.98721665,1.1076086
2001-04-01,4,26,0.60415775,0.39280635
2001-05-01,4,26,0.11229357,0.80126476
2001-06-01,4,26,-0.34097803,-0.01565203
2001-07-01,4,26,-0.57176584,-0.01565203
2001-08-01,4,26,-0.4880642,-1.1184897
2001-09-01,4,26,-0.1418364,-1.0572209
2001-10-01,4,26,0.3106019,0.57661265
2001-11-01,4,26,0.73165935,0.985071
2001-12-01,4,26,1.0479882,NA
2002-01-01,4,26,1.2148951,NA
2002-02-01,4,26,1.2033162,1.0871856
2002-03-01,4,26,1.0079722,1.3526835
2002-04-01,4,26,0.64614135,1.3526835
2002-05-01,4,26,0.17725347,0.57661265
2002-06-01,4,26,-0.25696135,-1.3635647
2002-07-01,4,26,-0.47858876,-1.3635647
2002-08-01,4,26,-0.39622796,-1.0776439
2002-09-01,4,26,-0.05815648,0.04561672
2002-10-01,4,26,0.38540408,0.9033793
2002-11-01,4,26,0.80083436,0.9033793
2002-12-01,4,26,1.1162635,NA
2003-01-01,4,26,1.285765,NA
2003-02-01,4,26,1.2779403,NA
2003-03-01,4,26,1.0864091,1.3526835
2003-04-01,4,26,0.7283052,1.1893002
2003-05-01,4,26,0.26148242,0.04561672
2003-06-01,4,26,-0.1741231,-0.01565203
2003-07-01,4,26,-0.40077287,-0.21988124
2003-08-01,4,26,-0.32912856,0.10688549
2003-09-01,4,26,-0.0083598,0.739996
2003-10-01,4,26,0.41642657,0.7604189
2003-11-01,4,26,0.8177848,1.1076086
2003-12-01,4,26,1.1261814,NA
2004-01-01,4,26,1.2934325,NA
2004-02-01,4,26,1.2845343,NA
2004-03-01,4,26,1.0909915,1.1076086
2004-04-01,4,26,0.72996986,1.1688772
2004-05-01,4,26,0.26096475,0.5970355
2004-06-01,4,26,-0.17392147,0.5970355
2004-07-01,4,26,-0.3997112,-0.56707084
2004-08-01,4,26,-0.33531028,-0.07692079
2004-09-01,4,26,-0.03320213,0.5357668
2004-10-01,4,26,0.36807665,0.5357668
2004-11-01,4,26,0.7491338,0.5357668
2004-12-01,4,26,1.0434774,NA
2005-01-01,4,26,1.202063,NA
2005-02-01,4,26,1.1872109,-1.0776439
2005-03-01,4,26,0.9870784,-1.0776439
2005-04-01,4,26,0.61821425,-1.0776439
2005-05-01,4,26,0.14487085,-1.0776439
2005-06-01,4,26,-0.28619945,-1.0776439
2005-07-01,4,26,-0.506645,-1.2410272
2005-08-01,4,26,-0.44660878,-0.07692079
2005-09-01,4,26,-0.16139348,0.47449803
2005-10-01,4,26,0.21705079,0.39280635
2005-11-01,4,26,0.5772574,1.0259168
2005-12-01,4,26,0.8563506,NA
2006-01-01,4,26,1.0062243,NA
2006-02-01,4,26,0.9876269,0.9442252
2006-03-01,4,26,0.7847315,0.9442252
2006-04-01,4,26,0.41343066,0.5970355
2006-05-01,4,26,-0.05592348,0.3519605
2006-06-01,4,26,-0.47378325,-0.07692079
2006-07-01,4,26,-0.6824093,-0.21988124
2006-08-01,4,26,-0.6216751,-0.21988124
2006-09-01,4,26,-0.346493,-0.21988124
2006-10-01,4,26,0.01674409,0.47449803
2006-11-01,4,26,0.3628003,0.9442252
2006-12-01,4,26,0.6329487,NA
2007-01-01,4,26,0.78148925,NA
2007-02-01,4,26,0.76853156,0.8421106
2007-03-01,4,26,0.5744509,0.5970355
2007-04-01,4,26,0.21368378,-0.05649788
2007-05-01,4,26,-0.24092792,-1.3635647
2007-06-01,4,26,-0.6422103,-1.3635647
2007-07-01,4,26,-0.8415126,-0.24030416
2007-08-01,4,26,-0.7800734,-1.3635647
2007-09-01,4,26,-0.50739735,-0.01565203
2007-10-01,4,26,-0.14765742,-0.01565203
2007-11-01,4,26,0.19545385,0.31111467
2007-12-01,4,26,0.46631044,NA
2008-01-01,4,26,0.62191683,NA
2008-02-01,4,26,0.62289137,0.3315376
2008-03-01,4,26,0.4469692,0.04561672
2008-04-01,4,26,0.10556543,-0.1790354
2008-05-01,4,26,-0.33106673,-0.07692079
2008-06-01,4,26,-0.72143096,-1.3635647
2008-07-01,4,26,-0.9210353,-1.3635647
2008-08-01,4,26,-0.864695,-1.3227189
2008-09-01,4,26,-0.5935525,-1.3227189
2008-10-01,4,26,-0.23315781,NA
2008-11-01,4,26,0.10867712,0.5970355
2008-12-01,4,26,0.37774774,NA
2009-01-01,4,26,0.53449833,NA
2009-02-01,4,26,0.54279023,0.7195731
2009-03-01,4,26,0.38137454,0.739996
2009-04-01,4,26,0.05956623,0.739996
2009-05-01,4,26,-0.35802883,0.5561897
2009-06-01,4,26,-0.73942566,-0.07692079
2009-07-01,4,26,-0.9442908,-1.3635647
2009-08-01,4,26,-0.89959264,-1.3635647
2009-09-01,4,26,-0.6356198,-1.036798
2009-10-01,4,26,-0.27386755,0.29069176
2009-11-01,4,26,0.0692208,0.61745846
2009-12-01,4,26,0.33541504,NA
2010-01-01,4,26,0.49118525,NA
2010-02-01,4,26,0.5085893,0.61745846
2010-03-01,4,26,0.37254924,0.39280635
2010-04-01,4,26,0.09232865,-1.0776439
2010-05-01,4,26,-0.27988163,-0.11776663
2010-06-01,4,26,-0.6354182,-1.3635647
2010-07-01,4,26,-0.8444582,-1.3431418
2010-08-01,4,26,-0.8219513,0.10688549
2010-09-01,4,26,-0.58206713,-1.3635647
2010-10-01,4,26,-0.24301188,-0.97552925
2010-11-01,4,26,0.06873676,1.1076086
2010-12-01,4,26,0.29416794,NA
2011-01-01,4,26,0.4075042,NA
2011-02-01,4,26,0.3871918,0.9646481
2011-03-01,4,26,0.22258484,NA
2011-04-01,4,26,-0.07313373,0.16815424
2011-05-01,4,26,-0.44712505,-1.0776439
2011-06-01,4,26,-0.80031514,-1.1184897
2011-07-01,4,26,-1.0247976,-1.0776439
2011-08-01,4,26,-1.0595489,-1.036798
2011-09-01,4,26,-0.9209033,-1.0776439
2011-10-01,4,26,-0.69216067,-1.1184897
2011-11-01,4,26,-0.46955302,-1.2001814
2011-12-01,4,26,-0.31827468,NA
2012-01-01,4,26,-0.2738566,NA
2012-02-01,4,26,-0.35461712,NA
2012-03-01,4,26,-0.5633054,NA
2012-04-01,4,26,-0.87891626,NA
2012-05-01,4,26,-1.2413182,-1.3022959
2012-06-01,4,26,-1.5497563,-1.3431418
2012-07-01,4,26,-1.7053258,-1.3635647
2012-08-01,4,26,-1.6640482,-1.3635647
2012-09-01,4,26,-1.457577,-1.3022959
2012-10-01,4,26,-1.1638519,-1.0776439
2012-11-01,4,26,-0.8632972,-1.0776439
2012-12-01,4,26,-0.622671,NA
2013-01-01,4,26,-0.49007377,NA
2013-02-01,4,26,-0.48907617,-1.0776439
2013-03-01,4,26,-0.6190063,-1.0776439
2013-04-01,4,26,-0.8547656,-1.0776439
2013-05-01,4,26,-1.141056,-1.0776439
2013-06-01,4,26,-1.3964151,-1.3227189
2013-07-01,4,26,-1.5427827,-1.3635647
2013-08-01,4,26,-1.541427,-1.3635647
2013-09-01,4,26,-1.4040414,-1.3635647
2013-10-01,4,26,-1.1785295,-1.3635647
2013-11-01,4,26,-0.92978716,-1.3635647
2013-12-01,4,26,-0.72367835,NA
2014-01-01,4,26,-0.61197144,NA
2014-02-01,4,26,-0.62172157,-1.1593355
2014-03-01,4,26,-0.7524166,NA
2014-04-01,4,26,-0.9753986,-1.0776439
2014-05-01,4,26,-1.2329508,-1.0776439
2014-06-01,4,26,-1.4493366,-1.0776439
2014-07-01,4,26,-1.5602853,-1.0776439
2014-08-01,4,26,-1.5402646,-1.1184897
2014-09-01,4,26,-1.4054614,-1.0776439
2014-10-01,4,26,-1.1991522,-1.0776439
2014-11-01,4,26,-0.9771305,-1.0776439
2014-12-01,4,26,-0.7953658,NA
2015-01-01,4,26,-0.69691163,NA
2015-02-01,4,26,-0.70193666,-1.0776439
2015-03-01,4,26,-0.80544424,NA
2015-04-01,4,26,-0.9791658,-1.0776439
2015-05-01,4,26,-1.1751589,-1.0776439
2015-06-01,4,26,-1.3367524,-1.3635647
2015-07-01,4,26,-1.4187824,-1.3635647
2015-08-01,4,26,-1.4050416,-1.3635647
2015-09-01,4,26,-1.3096104,-1.3635647
2015-10-01,4,26,-1.1660935,-1.3635647
2015-11-01,4,26,-1.0158373,NA
2015-12-01,4,26,-0.8979786,NA
